filename,width,height,class,xmin,ymin,xmax,ymax
IMG_20190104_163949_jpg.rf.d3b438bbee19e75c36a7b6fb1339eef8.jpg,416,416,Heltec_ESP32_Lora,223,149,392,326
IMG_20190104_163949_jpg.rf.d3b438bbee19e75c36a7b6fb1339eef8.jpg,416,416,Arduino_Nano,41,85,145,271
IMG_20181228_104317_jpg.rf.1c044530693ac887d1d96d84033daf2e.jpg,416,416,ESP8266,155,148,267,273
IMG_20181228_104317_jpg.rf.1c044530693ac887d1d96d84033daf2e.jpg,416,416,Raspberry_Pi_3,29,1,293,209
IMG_20190104_164010_jpg.rf.0631755fc8d2d27a15e92ec299afedfe.jpg,416,416,ESP8266,91,93,287,416
IMG_20181228_104256_jpg.rf.d68b77ed30bb96201d27cfd1735f171d.jpg,416,416,Arduino_Nano,82,149,220,223
IMG_20181228_104256_jpg.rf.d68b77ed30bb96201d27cfd1735f171d.jpg,416,416,ESP8266,250,187,367,309
IMG_20190104_163943_jpg.rf.3e8baa0bf76af059a8114aa3dcfc68f9.jpg,416,416,Raspberry_Pi_3,28,47,225,347
IMG_20190104_163943_jpg.rf.3e8baa0bf76af059a8114aa3dcfc68f9.jpg,416,416,ESP8266,204,67,381,252
IMG_20181228_102041_jpg.rf.a7e44e70570f0ca245b0de3629b22a02.jpg,416,416,Raspberry_Pi_3,111,139,255,316
IMG_20181228_102206_jpg.rf.068caa8afd71c79bc582d07c1713715e.jpg,416,416,Arduino_Nano,185,156,248,228
IMG_20190104_163951_jpg.rf.363230b9b307135985980321c8327131.jpg,416,416,Raspberry_Pi_3,1,14,242,326
IMG_20190104_163951_jpg.rf.363230b9b307135985980321c8327131.jpg,416,416,ESP8266,181,233,341,378
IMG_20190104_163951_jpg.rf.363230b9b307135985980321c8327131.jpg,416,416,Heltec_ESP32_Lora,272,17,398,178
IMG_20190104_164559_jpg.rf.7db771e22fe09b6cba1df3b77d305d67.jpg,416,416,Heltec_ESP32_Lora,117,186,182,293
IMG_20190104_164013_jpg.rf.b64d96e57c19032c793cbf75e4266539.jpg,416,416,Raspberry_Pi_3,51,74,338,416
IMG_20181228_104248_jpg.rf.02fad6ada22a9893245000b45b256f43.jpg,416,416,Heltec_ESP32_Lora,40,205,165,321
IMG_20181228_104248_jpg.rf.02fad6ada22a9893245000b45b256f43.jpg,416,416,Raspberry_Pi_3,172,117,334,310
IMG_20190104_163834_jpg.rf.06a7ca3226286f4bd3608f71062d4ec8.jpg,416,416,Raspberry_Pi_3,20,157,369,379
IMG_20181228_103229_jpg.rf.ca5595fa10044fe2280488d54eda15b4.jpg,416,416,ESP8266,111,148,260,269
IMG_20181228_103634_jpg.rf.59cc37e6cfce7b595f2a9512b9ab371d.jpg,416,416,Arduino_Nano,193,125,260,182
IMG_20190104_164604_jpg.rf.8e7bebf2a3daf3cdefc6922a45e68030.jpg,416,416,Raspberry_Pi_3,143,70,323,232
IMG_20190104_163949_jpg.rf.51b29188c06797eee210ed609e70978d.jpg,416,416,Heltec_ESP32_Lora,30,147,189,314
IMG_20190104_163949_jpg.rf.51b29188c06797eee210ed609e70978d.jpg,416,416,Arduino_Nano,282,96,374,277
IMG_20181228_102420_jpg.rf.feafa688a2d2868e4cc29c32529f8d5c.jpg,416,416,Heltec_ESP32_Lora,154,226,209,319
IMG_20181228_104248_jpg.rf.171f2197f7414a3aeeb480e470816da4.jpg,416,416,Heltec_ESP32_Lora,32,114,159,232
IMG_20181228_104248_jpg.rf.171f2197f7414a3aeeb480e470816da4.jpg,416,416,Raspberry_Pi_3,169,101,334,296
IMG_20181228_103629_jpg.rf.cc46b4c60f92fe7d8d93d50617748c29.jpg,416,416,ESP8266,199,121,273,175
IMG_20190104_164227_jpg.rf.96c6b7febcac3ce1f68cf59156ccfaa2.jpg,416,416,ESP8266,17,136,248,272
IMG_20190104_164532_jpg.rf.ccfa0d43fbe3feb10a4f8e3cebb63101.jpg,416,416,Heltec_ESP32_Lora,126,50,236,188
IMG_20181228_103121_jpg.rf.f38ff672583f94a0eb1b6d0e6ab36c29.jpg,416,416,Arduino_Nano,194,142,287,233
IMG_20190104_164200_jpg.rf.49aeff19278b9f17fe5452aa5049ea19.jpg,416,416,ESP8266,170,103,375,272
IMG_20190104_164422_jpg.rf.485d1a3eefdec7fd34d0a9adfd43aa99.jpg,416,416,Arduino_Nano,129,156,220,222
IMG_20181228_103424_jpg.rf.6d43e785a16d7b7da75ee277c9204276.jpg,416,416,Heltec_ESP32_Lora,85,83,265,272
IMG_20181228_104303_jpg.rf.0b9a0d17989f8e1bd3716cd4aa9f3b3e.jpg,416,416,Arduino_Nano,234,98,327,209
IMG_20181228_104303_jpg.rf.0b9a0d17989f8e1bd3716cd4aa9f3b3e.jpg,416,416,Raspberry_Pi_3,14,43,219,273
IMG_20181228_104228_jpg.rf.028266d9669ab309fb8ba802461bb462.jpg,416,416,Arduino_Nano,187,121,351,223
IMG_20181228_104228_jpg.rf.028266d9669ab309fb8ba802461bb462.jpg,416,416,Heltec_ESP32_Lora,169,240,355,342
IMG_20181228_104139_jpg.rf.5ea6f1bcb19d7829dcd46266feca1bee.jpg,416,416,Raspberry_Pi_3,1,1,416,416
IMG_20190104_164422_jpg.rf.ae2473a5e32ad25eb8362c4411f7ad00.jpg,416,416,Arduino_Nano,199,157,287,218
IMG_20190104_165146_jpg.rf.266f299dc2ad65137c5e09688a165fac.jpg,416,416,ESP8266,77,115,246,264
IMG_20190104_164528_jpg.rf.ef6dda2fa0c8e43bb9ce92929c2d87e3.jpg,416,416,Raspberry_Pi_3,104,62,367,316
IMG_20190104_163849_jpg.rf.fcb4a8276e87a568e194abfe7eb6e9d5.jpg,416,416,Heltec_ESP32_Lora,47,79,308,266
IMG_20181228_103227_jpg.rf.601fbdf261c26b19d60f032147775542.jpg,416,416,Raspberry_Pi_3,121,148,327,333
IMG_20181228_104144_jpg.rf.e817c021e86d780541f2e58d5c33779d.jpg,416,416,ESP8266,145,81,362,323
IMG_20190104_164130_jpg.rf.bbe38ce69d456496a6e24cde947bfc31.jpg,416,416,Heltec_ESP32_Lora,156,134,332,300
IMG_20190104_164205_jpg.rf.1d30a0883529c25ea30df902433e9235.jpg,416,416,ESP8266,198,81,333,210
IMG_20190104_164635_jpg.rf.7c5b160b72a7af7e67df7dec6878e0d7.jpg,416,416,ESP8266,215,341,276,409
IMG_20190104_164635_jpg.rf.7c5b160b72a7af7e67df7dec6878e0d7.jpg,416,416,Raspberry_Pi_3,174,214,260,288
IMG_20190104_164635_jpg.rf.7c5b160b72a7af7e67df7dec6878e0d7.jpg,416,416,Heltec_ESP32_Lora,165,39,207,99
IMG_20190104_164635_jpg.rf.7c5b160b72a7af7e67df7dec6878e0d7.jpg,416,416,Arduino_Nano,76,17,103,69
IMG_20190104_164434_jpg.rf.809a07783d2ccd0fbf52e28d5150ffe7.jpg,416,416,Raspberry_Pi_3,105,152,286,316
IMG_20190104_163855_jpg.rf.878ccfc62f526a92bee0f9419008b610.jpg,416,416,Arduino_Nano,146,90,387,243
IMG_20181228_103813_jpg.rf.21cf1a108870ca1e43a2c3d467f118bf.jpg,416,416,Arduino_Nano,154,134,343,312
IMG_20190104_163949_jpg.rf.e5d0f5917682e21f6e514cd34d63aae3.jpg,416,416,Heltec_ESP32_Lora,231,115,390,282
IMG_20190104_163949_jpg.rf.e5d0f5917682e21f6e514cd34d63aae3.jpg,416,416,Arduino_Nano,43,129,135,310
IMG_20181228_104356_jpg.rf.4084ffce46f8209d90fdce8f36c5c855.jpg,416,416,ESP8266,1,91,148,224
IMG_20181228_104356_jpg.rf.4084ffce46f8209d90fdce8f36c5c855.jpg,416,416,Raspberry_Pi_3,98,1,330,206
IMG_20181228_104356_jpg.rf.4084ffce46f8209d90fdce8f36c5c855.jpg,416,416,Arduino_Nano,320,125,389,214
IMG_20181228_104413_jpg.rf.e61e3a9fc24fd2c0d72f1513522712f2.jpg,416,416,ESP8266,101,131,208,230
IMG_20181228_104413_jpg.rf.e61e3a9fc24fd2c0d72f1513522712f2.jpg,416,416,ESP8266,211,120,324,237
IMG_20181228_104024_jpg.rf.ff6895e3c6f4e3fa9e3db0faa2d4c8a7.jpg,416,416,Arduino_Nano,162,146,289,232
IMG_20181228_104213_jpg.rf.e9d850a120061177bc2d555be33c79f1.jpg,416,416,Arduino_Nano,166,98,242,209
IMG_20181228_103634_jpg.rf.b139c2782fe112534c5a22d7bb8b77ea.jpg,416,416,Arduino_Nano,196,237,262,292
IMG_20181228_104303_jpg.rf.02bfa6e7439bdfc06a1eb84c197b6ff5.jpg,416,416,Arduino_Nano,95,217,212,346
IMG_20181228_104303_jpg.rf.02bfa6e7439bdfc06a1eb84c197b6ff5.jpg,416,416,Raspberry_Pi_3,184,100,416,372
IMG_20181228_104336_jpg.rf.48be6768c842181d569fe1fb36740d58.jpg,416,416,ESP8266,194,220,270,309
IMG_20181228_104336_jpg.rf.48be6768c842181d569fe1fb36740d58.jpg,416,416,Raspberry_Pi_3,192,122,364,244
IMG_20181228_104336_jpg.rf.48be6768c842181d569fe1fb36740d58.jpg,416,416,Heltec_ESP32_Lora,143,48,240,119
IMG_20181228_102317_jpg.rf.3fbf294d91d92a8871f51f2dc6cec513.jpg,416,416,Heltec_ESP32_Lora,135,142,215,230
IMG_20181228_104241_jpg.rf.d28f2b150b9eba242138504357d0b35c.jpg,416,416,ESP8266,180,206,371,372
IMG_20181228_104241_jpg.rf.d28f2b150b9eba242138504357d0b35c.jpg,416,416,Raspberry_Pi_3,56,1,364,243
IMG_20190104_165108_jpg.rf.77fe526f6cb6d2721a3af65adfd0ecb2.jpg,416,416,Arduino_Nano,127,214,316,335
IMG_20181228_104234_jpg.rf.3b4baef55be73d4f4e8621c2d0c7ce6b.jpg,416,416,Arduino_Nano,62,182,197,250
IMG_20181228_104234_jpg.rf.3b4baef55be73d4f4e8621c2d0c7ce6b.jpg,416,416,Heltec_ESP32_Lora,129,80,273,186
IMG_20181228_104234_jpg.rf.3b4baef55be73d4f4e8621c2d0c7ce6b.jpg,416,416,ESP8266,221,175,366,288
IMG_20181228_102420_jpg.rf.f221399dcffdaa50360f7c6e4e7d8573.jpg,416,416,Heltec_ESP32_Lora,140,103,201,199
IMG_20190104_164409_jpg.rf.58aa8f1a6b6a2d3137427cc87110e2d8.jpg,416,416,Heltec_ESP32_Lora,120,141,288,292
IMG_20181228_104336_jpg.rf.2249bd2160df305f1b767c54cc4a6c64.jpg,416,416,ESP8266,142,112,221,203
IMG_20181228_104336_jpg.rf.2249bd2160df305f1b767c54cc4a6c64.jpg,416,416,Raspberry_Pi_3,55,179,231,306
IMG_20181228_104336_jpg.rf.2249bd2160df305f1b767c54cc4a6c64.jpg,416,416,Heltec_ESP32_Lora,191,296,290,370
IMG_20181228_104356_jpg.rf.1a1ed11ca8af575b4bf08aa8422ea6c7.jpg,416,416,ESP8266,271,91,416,224
IMG_20181228_104356_jpg.rf.1a1ed11ca8af575b4bf08aa8422ea6c7.jpg,416,416,Raspberry_Pi_3,89,1,321,206
IMG_20181228_104356_jpg.rf.1a1ed11ca8af575b4bf08aa8422ea6c7.jpg,416,416,Arduino_Nano,29,125,98,214
IMG_20181228_102048_jpg.rf.db89c068011de24b7fd36f673545d10c.jpg,416,416,Heltec_ESP32_Lora,121,143,179,211
IMG_20181228_103324_jpg.rf.93dd789db68f20c34759b1c71f72d502.jpg,416,416,Arduino_Nano,107,136,259,232
IMG_20190104_163956_jpg.rf.55d480ecb3e8a73ab55e261fcf554269.jpg,416,416,Heltec_ESP32_Lora,94,4,252,167
IMG_20190104_163956_jpg.rf.55d480ecb3e8a73ab55e261fcf554269.jpg,416,416,Arduino_Nano,301,72,401,233
IMG_20190104_163956_jpg.rf.55d480ecb3e8a73ab55e261fcf554269.jpg,416,416,ESP8266,10,243,193,393
IMG_20181228_104356_jpg.rf.20c022fd7c176a78bffc267fda1b796c.jpg,416,416,ESP8266,270,87,413,213
IMG_20181228_104356_jpg.rf.20c022fd7c176a78bffc267fda1b796c.jpg,416,416,Raspberry_Pi_3,87,1,311,202
IMG_20181228_104356_jpg.rf.20c022fd7c176a78bffc267fda1b796c.jpg,416,416,Arduino_Nano,30,134,95,221
IMG_20190104_164630_jpg.rf.962b82049d931b67dff32eee9b34c610.jpg,416,416,Raspberry_Pi_3,191,20,301,124
IMG_20190104_164630_jpg.rf.962b82049d931b67dff32eee9b34c610.jpg,416,416,Heltec_ESP32_Lora,186,280,244,354
IMG_20190104_164630_jpg.rf.962b82049d931b67dff32eee9b34c610.jpg,416,416,Arduino_Nano,72,334,117,398
IMG_20190104_164121_jpg.rf.e431980026338bef2ae28547e3f306d9.jpg,416,416,Arduino_Nano,157,141,353,336
IMG_20190104_164540_jpg.rf.ed42f7b33b8f0533efccf9e96932d06b.jpg,416,416,Arduino_Nano,145,149,259,226
IMG_20190104_163909_jpg.rf.3719b0eb7b720d98a7202c0afabad3cc.jpg,416,416,ESP8266,85,72,410,269
IMG_20190104_163956_jpg.rf.a0e2f8b08eb8192cb9496231d0518605.jpg,416,416,Heltec_ESP32_Lora,64,238,217,397
IMG_20190104_163956_jpg.rf.a0e2f8b08eb8192cb9496231d0518605.jpg,416,416,Arduino_Nano,282,223,377,382
IMG_20190104_163956_jpg.rf.a0e2f8b08eb8192cb9496231d0518605.jpg,416,416,ESP8266,46,3,225,148
IMG_20181228_103117_jpg.rf.e13ebe897ea8c2de945a7ab2e5cec520.jpg,416,416,ESP8266,122,207,241,322
IMG_20190104_163909_jpg.rf.4553e11c5e0657fbcd17f9f424f488ef.jpg,416,416,ESP8266,80,166,397,343
IMG_20190104_163842_jpg.rf.b69a3bb8e25b38a862917d55b2167f89.jpg,416,416,Heltec_ESP32_Lora,41,61,362,256
IMG_20190104_164523_jpg.rf.d6a893da2bea9549da3c791ec314cb6a.jpg,416,416,ESP8266,156,123,339,296
IMG_20190104_165108_jpg.rf.d65e16a50d514f0d7642a7e5d05c7a17.jpg,416,416,Arduino_Nano,124,90,307,197
IMG_20181228_103434_jpg.rf.3b375eb4cb895d6c12b131763ff39d7b.jpg,416,416,Raspberry_Pi_3,1,1,359,416
IMG_20181228_103121_jpg.rf.b31860a4731ff88c49f2d756cb447687.jpg,416,416,Arduino_Nano,130,183,223,274
IMG_20190104_164635_jpg.rf.89610ae0994e52f76ac00c0769892319.jpg,416,416,ESP8266,147,341,210,411
IMG_20190104_164635_jpg.rf.89610ae0994e52f76ac00c0769892319.jpg,416,416,Raspberry_Pi_3,159,213,247,290
IMG_20190104_164635_jpg.rf.89610ae0994e52f76ac00c0769892319.jpg,416,416,Heltec_ESP32_Lora,205,38,249,99
IMG_20190104_164635_jpg.rf.89610ae0994e52f76ac00c0769892319.jpg,416,416,Arduino_Nano,309,13,338,66
IMG_20190104_164532_jpg.rf.688e84fcb4d30c5ec213f99503024ec0.jpg,416,416,Heltec_ESP32_Lora,177,48,287,186
IMG_20181228_101855_jpg.rf.9125e46de32fff6c9158a669f340c690.jpg,416,416,Heltec_ESP32_Lora,205,169,311,271
IMG_20181228_103828_jpg.rf.f6ec0e5f4f5825469d870e368145dc59.jpg,416,416,Raspberry_Pi_3,92,65,389,370
IMG_20190104_164622_jpg.rf.acc7a1a92602dc0fb392049948e6238b.jpg,416,416,Heltec_ESP32_Lora,72,126,177,264
IMG_20190104_164622_jpg.rf.acc7a1a92602dc0fb392049948e6238b.jpg,416,416,Arduino_Nano,299,211,376,320
IMG_20190104_165200_jpg.rf.f367c01b535f966d78e95c2c85fccbc1.jpg,416,416,Raspberry_Pi_3,148,27,372,273
IMG_20190104_164604_jpg.rf.77bf7ccbb415459fbcd245b5b3e16f38.jpg,416,416,Raspberry_Pi_3,166,159,354,333
IMG_20190104_164528_jpg.rf.6c59768917ed0bdefd361b7aed73431c.jpg,416,416,Raspberry_Pi_3,48,53,323,321
IMG_20181228_104356_jpg.rf.3d154987c588f2cca1c5452e4520a9d8.jpg,416,416,ESP8266,250,237,394,365
IMG_20181228_104356_jpg.rf.3d154987c588f2cca1c5452e4520a9d8.jpg,416,416,Raspberry_Pi_3,58,209,284,415
IMG_20181228_104356_jpg.rf.3d154987c588f2cca1c5452e4520a9d8.jpg,416,416,Arduino_Nano,25,158,92,246
IMG_20181228_102020_jpg.rf.a31a9e0600d4d27d472bfc52bbb89378.jpg,416,416,ESP8266,136,176,247,251
IMG_20190104_164635_jpg.rf.590ab625e5df67613386dcb896e9a816.jpg,416,416,ESP8266,208,8,271,78
IMG_20190104_164635_jpg.rf.590ab625e5df67613386dcb896e9a816.jpg,416,416,Raspberry_Pi_3,172,128,260,205
IMG_20190104_164635_jpg.rf.590ab625e5df67613386dcb896e9a816.jpg,416,416,Heltec_ESP32_Lora,169,320,213,381
IMG_20190104_164635_jpg.rf.590ab625e5df67613386dcb896e9a816.jpg,416,416,Arduino_Nano,81,353,110,406
IMG_20190104_163951_jpg.rf.36b3486d4b92255e85de1686f789a2fc.jpg,416,416,Raspberry_Pi_3,1,1,264,328
IMG_20190104_163951_jpg.rf.36b3486d4b92255e85de1686f789a2fc.jpg,416,416,ESP8266,161,230,336,392
IMG_20190104_163951_jpg.rf.36b3486d4b92255e85de1686f789a2fc.jpg,416,416,Heltec_ESP32_Lora,275,27,416,201
IMG_20181228_102506_jpg.rf.585eb95aebabdd6fe736d7727548738c.jpg,416,416,Arduino_Nano,248,133,302,220
IMG_20181228_104336_jpg.rf.4cdf5c0c4c8e05122f6fe1e4b6ab5c6c.jpg,416,416,ESP8266,177,102,267,201
IMG_20181228_104336_jpg.rf.4cdf5c0c4c8e05122f6fe1e4b6ab5c6c.jpg,416,416,Raspberry_Pi_3,188,149,376,297
IMG_20181228_104336_jpg.rf.4cdf5c0c4c8e05122f6fe1e4b6ab5c6c.jpg,416,416,Heltec_ESP32_Lora,160,294,267,380
IMG_20181228_103110_jpg.rf.8d93075b571c89233ee8d8c732ba579e.jpg,416,416,Raspberry_Pi_3,160,128,388,389
IMG_20190104_164548_jpg.rf.37b4182d67ba6586dff8c0590abe7c69.jpg,416,416,Arduino_Nano,175,124,248,195
IMG_20190104_164130_jpg.rf.cec38f450f130e2d430a04b6e73317cb.jpg,416,416,Heltec_ESP32_Lora,163,138,328,291
IMG_20181228_103427_jpg.rf.4da4ae01ffde3ae724884cbc5d42f609.jpg,416,416,ESP8266,193,71,373,262
IMG_20181228_102020_jpg.rf.943f47afd43d808b80a079822270e406.jpg,416,416,ESP8266,136,177,249,254
IMG_20181228_102013_jpg.rf.2f13246180269dea4b6dec36301ff28b.jpg,416,416,Arduino_Nano,204,216,323,309
IMG_20181228_104228_jpg.rf.550b2f3fd8c507f7e0811e632a6c4121.jpg,416,416,Arduino_Nano,185,207,343,298
IMG_20181228_104228_jpg.rf.550b2f3fd8c507f7e0811e632a6c4121.jpg,416,416,Heltec_ESP32_Lora,180,89,360,179
IMG_20181228_103835_jpg.rf.c3ce40527e29eb17ca0f0d7487db8761.jpg,416,416,ESP8266,147,111,309,330
IMG_20190104_163956_jpg.rf.65d3edde8338f35d57d66937620891b7.jpg,416,416,Heltec_ESP32_Lora,167,4,325,167
IMG_20190104_163956_jpg.rf.65d3edde8338f35d57d66937620891b7.jpg,416,416,Arduino_Nano,18,72,118,233
IMG_20190104_163956_jpg.rf.65d3edde8338f35d57d66937620891b7.jpg,416,416,ESP8266,226,243,409,393
IMG_20190104_164523_jpg.rf.079e685809ed150f54339bc3b7156c07.jpg,416,416,ESP8266,161,125,335,288
IMG_20190104_163949_jpg.rf.5d02ac7f002c9967a74fcdcede9231a0.jpg,416,416,Heltec_ESP32_Lora,21,122,193,301
IMG_20190104_163949_jpg.rf.5d02ac7f002c9967a74fcdcede9231a0.jpg,416,416,Arduino_Nano,276,116,383,303
IMG_20190104_164559_jpg.rf.faea83ef17c9ce9d890ce92e7ca4e5a5.jpg,416,416,Heltec_ESP32_Lora,239,135,308,244
IMG_20181228_104241_jpg.rf.1106fa8a8aa309a73dae407e2d313a97.jpg,416,416,ESP8266,26,84,209,239
IMG_20181228_104241_jpg.rf.1106fa8a8aa309a73dae407e2d313a97.jpg,416,416,Raspberry_Pi_3,101,177,395,416
IMG_20181228_102434_jpg.rf.7becc6c579297893c0d75ea78add85a7.jpg,416,416,Arduino_Nano,79,183,133,253
IMG_20190104_164635_jpg.rf.0a38d27512ab09bc20bcf01b4804ce9c.jpg,416,416,ESP8266,215,10,276,78
IMG_20190104_164635_jpg.rf.0a38d27512ab09bc20bcf01b4804ce9c.jpg,416,416,Raspberry_Pi_3,174,130,260,204
IMG_20190104_164635_jpg.rf.0a38d27512ab09bc20bcf01b4804ce9c.jpg,416,416,Heltec_ESP32_Lora,165,320,207,380
IMG_20190104_164635_jpg.rf.0a38d27512ab09bc20bcf01b4804ce9c.jpg,416,416,Arduino_Nano,76,349,103,401
IMG_20181228_102155_jpg.rf.5177cc8ef661cb39786da07d2dc50cdd.jpg,416,416,ESP8266,152,189,220,262
IMG_20181228_104228_jpg.rf.1073f1fcea52093e862c9ae0c31094d0.jpg,416,416,Arduino_Nano,75,118,234,212
IMG_20181228_104228_jpg.rf.1073f1fcea52093e862c9ae0c31094d0.jpg,416,416,Heltec_ESP32_Lora,56,237,238,330
IMG_20181228_104228_jpg.rf.dbaeb475a4e12436bb8fd7df6bc3c05f.jpg,416,416,Arduino_Nano,77,101,246,215
IMG_20181228_104228_jpg.rf.dbaeb475a4e12436bb8fd7df6bc3c05f.jpg,416,416,Heltec_ESP32_Lora,42,216,233,332
IMG_20190104_164400_jpg.rf.df846e03ad483a613c77e11e47b100ce.jpg,416,416,ESP8266,107,167,228,387
IMG_20181228_104213_jpg.rf.e6c6969b4827906d82ece91298b53615.jpg,416,416,Arduino_Nano,182,211,253,319
IMG_20181228_104356_jpg.rf.9e30c22eb6d2a74a1521585d5b9b020f.jpg,416,416,ESP8266,1,91,148,224
IMG_20181228_104356_jpg.rf.9e30c22eb6d2a74a1521585d5b9b020f.jpg,416,416,Raspberry_Pi_3,98,1,330,206
IMG_20181228_104356_jpg.rf.9e30c22eb6d2a74a1521585d5b9b020f.jpg,416,416,Arduino_Nano,320,125,389,214
IMG_20181228_102520_jpg.rf.70dcb7673023d18c86aae97142e44cc3.jpg,416,416,ESP8266,127,183,206,252
IMG_20181228_104234_jpg.rf.1b4103fb00218002b7bd65014d73785b.jpg,416,416,Arduino_Nano,64,168,196,229
IMG_20181228_104234_jpg.rf.1b4103fb00218002b7bd65014d73785b.jpg,416,416,Heltec_ESP32_Lora,127,235,267,334
IMG_20181228_104234_jpg.rf.1b4103fb00218002b7bd65014d73785b.jpg,416,416,ESP8266,224,138,364,244
IMG_20181228_103007_jpg.rf.bfa929dda133f6252f5f4c8a80655c05.jpg,416,416,ESP8266,65,151,275,291
IMG_20181228_101855_jpg.rf.273ffed5bc076f32771b657d0c2f262e.jpg,416,416,Heltec_ESP32_Lora,108,148,214,250
IMG_20181228_101915_jpg.rf.9f578ad39030c5c4e30c4590e2693cfb.jpg,416,416,Raspberry_Pi_3,33,27,331,313
IMG_20181228_103835_jpg.rf.d750e099f6f1055a5fa31bcd51bad63d.jpg,416,416,ESP8266,100,102,279,333
IMG_20190104_164528_jpg.rf.837c8a08ef7884677a56f3b0bbe787f8.jpg,416,416,Raspberry_Pi_3,124,87,357,309
IMG_20181228_104332_jpg.rf.7bb1e60ac8fddc339efd952461766610.jpg,416,416,Arduino_Nano,142,201,236,269
IMG_20181228_104332_jpg.rf.7bb1e60ac8fddc339efd952461766610.jpg,416,416,ESP8266,208,73,318,156
IMG_20190104_164540_jpg.rf.114e00eb82db4bb4d940d5860739c7a1.jpg,416,416,Arduino_Nano,158,196,268,266
IMG_20190104_165104_jpg.rf.d57e0a726e6972a1b8e7e25d94725d00.jpg,416,416,Raspberry_Pi_3,72,111,300,369
IMG_20181228_104024_jpg.rf.b73ed615e113932e1cb0574efefd1f62.jpg,416,416,Arduino_Nano,130,188,255,270
IMG_20181228_103329_jpg.rf.90e7897759271dae1e27ee0a76137b6d.jpg,416,416,ESP8266,187,111,357,248
IMG_20181228_104356_jpg.rf.a7489e7db0a0ada29d63a12bcdf9ada1.jpg,416,416,ESP8266,260,66,397,186
IMG_20181228_104356_jpg.rf.a7489e7db0a0ada29d63a12bcdf9ada1.jpg,416,416,Raspberry_Pi_3,71,8,286,201
IMG_20181228_104356_jpg.rf.a7489e7db0a0ada29d63a12bcdf9ada1.jpg,416,416,Arduino_Nano,28,164,89,248
IMG_20190104_163943_jpg.rf.f65fee3e34f2de413302c8dc78f74254.jpg,416,416,Raspberry_Pi_3,35,46,219,340
IMG_20190104_163943_jpg.rf.f65fee3e34f2de413302c8dc78f74254.jpg,416,416,ESP8266,210,75,379,253
IMG_20181228_104344_jpg.rf.cea549f64cfb36a3108b334365eadcfd.jpg,416,416,Heltec_ESP32_Lora,123,142,248,243
IMG_20181228_104344_jpg.rf.cea549f64cfb36a3108b334365eadcfd.jpg,416,416,ESP8266,109,24,265,149
IMG_20190104_164010_jpg.rf.ef44fdbff9ea4699adcc016df513c6fb.jpg,416,416,ESP8266,85,1,301,329
IMG_20181228_102552_jpg.rf.53f78a272a89af19346cf1b1ea8b9adc.jpg,416,416,Heltec_ESP32_Lora,204,141,267,212
IMG_20181228_104309_jpg.rf.14278e69540903436e7e0403fcb702c7.jpg,416,416,Heltec_ESP32_Lora,175,138,268,209
IMG_20181228_104309_jpg.rf.14278e69540903436e7e0403fcb702c7.jpg,416,416,ESP8266,130,76,215,152
IMG_20190104_164233_jpg.rf.2db164551dbb49ab65865aeef5cda10e.jpg,416,416,Raspberry_Pi_3,105,91,388,324
IMG_20181228_102013_jpg.rf.1421ee1e3aae7f72e18354d916be7463.jpg,416,416,Arduino_Nano,104,226,217,308
IMG_20181228_104336_jpg.rf.c2c2c608b58b8bd1ed6be9817c943444.jpg,416,416,ESP8266,138,214,220,307
IMG_20181228_104336_jpg.rf.c2c2c608b58b8bd1ed6be9817c943444.jpg,416,416,Raspberry_Pi_3,55,107,234,240
IMG_20181228_104336_jpg.rf.c2c2c608b58b8bd1ed6be9817c943444.jpg,416,416,Heltec_ESP32_Lora,194,48,295,126
IMG_20181228_102317_jpg.rf.51c8c6e1dc131f23d3d2ace5db6403ac.jpg,416,416,Heltec_ESP32_Lora,199,188,285,281
IMG_20190104_164611_jpg.rf.909378154abc53668b9eb0556bacc3f9.jpg,416,416,ESP8266,100,85,213,185
IMG_20181228_104309_jpg.rf.4c3eaecb8842ba65b89755fa57467c89.jpg,416,416,Heltec_ESP32_Lora,179,207,273,279
IMG_20181228_104309_jpg.rf.4c3eaecb8842ba65b89755fa57467c89.jpg,416,416,ESP8266,141,270,227,347
IMG_20190104_163943_jpg.rf.215b01b7ae1e17a3a874f1ab9ab0c46b.jpg,416,416,Raspberry_Pi_3,50,97,211,380
IMG_20190104_163943_jpg.rf.215b01b7ae1e17a3a874f1ab9ab0c46b.jpg,416,416,ESP8266,222,158,379,324
IMG_20181228_102420_jpg.rf.03f0ebd4d41693202dba1c4415741a4c.jpg,416,416,Heltec_ESP32_Lora,202,96,263,192
IMG_20181228_104317_jpg.rf.3cdc4aa9a8c9245238ad85e008a31a3e.jpg,416,416,ESP8266,160,152,255,265
IMG_20181228_104317_jpg.rf.3cdc4aa9a8c9245238ad85e008a31a3e.jpg,416,416,Raspberry_Pi_3,161,215,399,413
IMG_20190104_163951_jpg.rf.6c3356c4f0e814b4e47ee1354ff940d5.jpg,416,416,Raspberry_Pi_3,155,44,416,398
IMG_20190104_163951_jpg.rf.6c3356c4f0e814b4e47ee1354ff940d5.jpg,416,416,ESP8266,39,45,225,220
IMG_20190104_163951_jpg.rf.6c3356c4f0e814b4e47ee1354ff940d5.jpg,416,416,Heltec_ESP32_Lora,43,261,201,416
IMG_20190104_165108_jpg.rf.c7e710d4a020cc4dca9e2a5d10cb8c4e.jpg,416,416,Arduino_Nano,127,84,316,205
IMG_20190104_164240_jpg.rf.9ad524b3070e2a26a9923bb080ea8e86.jpg,416,416,Raspberry_Pi_3,7,24,416,390
IMG_20181228_103835_jpg.rf.b18c0388665dc4be38fbce26025291d2.jpg,416,416,ESP8266,138,85,321,318
IMG_20181228_103113_jpg.rf.a5f746d87aba3f7e8dcf6fcd6ea3cc3c.jpg,416,416,Heltec_ESP32_Lora,145,151,242,229
IMG_20190104_163951_jpg.rf.9d3688bd6c5b7b09dc9bcef45358b39d.jpg,416,416,Raspberry_Pi_3,170,19,416,349
IMG_20190104_163951_jpg.rf.9d3688bd6c5b7b09dc9bcef45358b39d.jpg,416,416,ESP8266,58,217,229,374
IMG_20190104_163951_jpg.rf.9d3688bd6c5b7b09dc9bcef45358b39d.jpg,416,416,Heltec_ESP32_Lora,33,1,173,165
IMG_20181228_102801_jpg.rf.37fde5c5286725e508f75ac1cec53fd1.jpg,416,416,Raspberry_Pi_3,23,21,395,375
IMG_20190104_163849_jpg.rf.32d8226582fe4814a83a4d50b3eedf77.jpg,416,416,Heltec_ESP32_Lora,109,148,375,343
IMG_20181228_103110_jpg.rf.afb8cbeb021a6e29cdde6da2de2d7a9c.jpg,416,416,Raspberry_Pi_3,160,128,388,389
IMG_20190104_164622_jpg.rf.d21ea034eabac061ee0a460d915eed9b.jpg,416,416,Heltec_ESP32_Lora,243,124,344,260
IMG_20190104_164622_jpg.rf.d21ea034eabac061ee0a460d915eed9b.jpg,416,416,Arduino_Nano,46,217,120,324
IMG_20190104_164615_jpg.rf.6644bd61e430b1327a3554f7bb61921f.jpg,416,416,Raspberry_Pi_3,76,202,240,356
IMG_20181228_104228_jpg.rf.d983cab2c66afda96a97aeffb930b445.jpg,416,416,Arduino_Nano,187,191,353,298
IMG_20181228_104228_jpg.rf.d983cab2c66afda96a97aeffb930b445.jpg,416,416,Heltec_ESP32_Lora,165,72,353,180
IMG_20181228_101903_jpg.rf.589f47ceabf20a491b8b4fe2845fdab7.jpg,416,416,ESP8266,148,147,270,255
IMG_20190104_163809_jpg.rf.907d8315ea48d1126a4c3d5e7ada1541.jpg,416,416,Heltec_ESP32_Lora,91,117,380,342
IMG_20181228_104241_jpg.rf.cca4cf563c22cfbe11edb2583c0439bf.jpg,416,416,ESP8266,210,196,381,335
IMG_20181228_104241_jpg.rf.cca4cf563c22cfbe11edb2583c0439bf.jpg,416,416,Raspberry_Pi_3,43,1,318,226
IMG_20181228_102201_jpg.rf.6bf11b7f6a5671b9d70fe433e2c61e41.jpg,416,416,Raspberry_Pi_3,73,67,347,315
IMG_20181228_103014_jpg.rf.5c7d4b8595a2a61ddde9063062af52db.jpg,416,416,Arduino_Nano,124,149,258,279
IMG_20190104_164635_jpg.rf.560fca559c425482433fcc97b8bd4371.jpg,416,416,ESP8266,139,10,201,79
IMG_20190104_164635_jpg.rf.560fca559c425482433fcc97b8bd4371.jpg,416,416,Raspberry_Pi_3,157,130,244,205
IMG_20190104_164635_jpg.rf.560fca559c425482433fcc97b8bd4371.jpg,416,416,Heltec_ESP32_Lora,213,319,256,379
IMG_20190104_164635_jpg.rf.560fca559c425482433fcc97b8bd4371.jpg,416,416,Arduino_Nano,318,347,346,399
IMG_20190104_164153_jpg.rf.c29c05e418ad1a7e2fcc3b133dd9a91c.jpg,416,416,Raspberry_Pi_3,98,83,384,364
IMG_20190104_164017_jpg.rf.2ed52a7a53818e812c8a65ab787ff9e1.jpg,416,416,Heltec_ESP32_Lora,131,164,293,416
IMG_20181228_103424_jpg.rf.6a9f102dc30ffebd2f8044f817fa169e.jpg,416,416,Heltec_ESP32_Lora,156,84,330,268
IMG_20181228_104413_jpg.rf.443ee73129dea70654ab6ab09d55bdaf.jpg,416,416,ESP8266,209,182,322,287
IMG_20181228_104413_jpg.rf.443ee73129dea70654ab6ab09d55bdaf.jpg,416,416,ESP8266,94,182,214,306
IMG_20190104_163815_jpg.rf.9fd04a42b7b7222fe11ebf39cd410120.jpg,416,416,Arduino_Nano,70,72,298,317
IMG_20181228_102319_jpg.rf.06c938b0f862f7367e6c79798c25624b.jpg,416,416,Arduino_Nano,168,174,232,236
IMG_20190104_164010_jpg.rf.5caccd99fe697cfd1dc724aae7f40645.jpg,416,416,ESP8266,97,3,276,322
IMG_20181228_101903_jpg.rf.2f49c6b63193cd9108e874eab4f31d9a.jpg,416,416,ESP8266,145,157,278,278
IMG_20190104_165104_jpg.rf.dd3eed3024d7fa596e39fd50055e4671.jpg,416,416,Raspberry_Pi_3,39,83,319,384
IMG_20190104_164611_jpg.rf.e3a1630ebe124d1bef063718b1e035fb.jpg,416,416,ESP8266,84,100,197,200
IMG_20190104_164200_jpg.rf.0c46eeced2cc9045bf486886b4f940da.jpg,416,416,ESP8266,52,164,253,327
IMG_20190104_163956_jpg.rf.8272fe068cae634677891b41522a6bc5.jpg,416,416,Heltec_ESP32_Lora,193,20,332,165
IMG_20190104_163956_jpg.rf.8272fe068cae634677891b41522a6bc5.jpg,416,416,Arduino_Nano,37,58,117,210
IMG_20190104_163956_jpg.rf.8272fe068cae634677891b41522a6bc5.jpg,416,416,ESP8266,217,267,384,396
IMG_20190104_164312_jpg.rf.f56dccc9e1a71aff5891797e81892ec1.jpg,416,416,Arduino_Nano,115,119,246,298
IMG_20181228_102210_jpg.rf.4fdb979755f1c04ee8bad8ac87752eab.jpg,416,416,Heltec_ESP32_Lora,145,150,226,217
IMG_20181228_103813_jpg.rf.77a125a28d3b95a2efaf62651469d563.jpg,416,416,Arduino_Nano,153,106,344,286
IMG_20181228_102317_jpg.rf.02a6418355737f5ffcd0ee9d7ed4d3d7.jpg,416,416,Heltec_ESP32_Lora,203,186,286,277
IMG_20190104_164430_jpg.rf.92a71641dfc61eeaee66625972bc8647.jpg,416,416,Heltec_ESP32_Lora,174,198,267,268
IMG_20181228_102506_jpg.rf.a218c8f4d36cf1af6cecdd603c92964d.jpg,416,416,Arduino_Nano,116,191,162,274
IMG_20190104_163823_jpg.rf.e52910847a46b77bb2a8b9ea626edcf6.jpg,416,416,Raspberry_Pi_3,1,34,407,309
IMG_20190104_163902_jpg.rf.6d1290ff2558647013ca4e57e06afdd2.jpg,416,416,Arduino_Nano,108,164,366,346
IMG_20181228_104336_jpg.rf.4cc4d5d5e4aa24990b90b93738bcbde7.jpg,416,416,ESP8266,149,219,230,311
IMG_20181228_104336_jpg.rf.4cc4d5d5e4aa24990b90b93738bcbde7.jpg,416,416,Raspberry_Pi_3,50,121,227,251
IMG_20181228_104336_jpg.rf.4cc4d5d5e4aa24990b90b93738bcbde7.jpg,416,416,Heltec_ESP32_Lora,171,44,271,120
IMG_20190104_164023_jpg.rf.d15190093e0fc15720dcf8a66e7f7de5.jpg,416,416,Arduino_Nano,173,233,273,416
IMG_20181228_104153_jpg.rf.f2e127285cb277ac572b4e450b57449e.jpg,416,416,Heltec_ESP32_Lora,61,82,235,196
IMG_20181228_103429_jpg.rf.2e46af53de8ea0e9651f2930db3cc82f.jpg,416,416,Arduino_Nano,162,129,326,269
IMG_20190104_164630_jpg.rf.5e66041ef7fc4063bc185656856cfef1.jpg,416,416,Raspberry_Pi_3,207,21,331,140
IMG_20190104_164630_jpg.rf.5e66041ef7fc4063bc185656856cfef1.jpg,416,416,Heltec_ESP32_Lora,162,276,230,357
IMG_20190104_164630_jpg.rf.5e66041ef7fc4063bc185656856cfef1.jpg,416,416,Arduino_Nano,42,309,97,379
IMG_20181228_103227_jpg.rf.359626a11d3ba6013fb925b397a36bfe.jpg,416,416,Raspberry_Pi_3,96,97,286,263
IMG_20181228_103434_jpg.rf.984d3b7e4147c693e94aa3e3d9585630.jpg,416,416,Raspberry_Pi_3,7,3,351,416
IMG_20181228_102547_jpg.rf.deed6484cf52d88c58e8ecba596e48b3.jpg,416,416,Raspberry_Pi_3,153,203,295,296
IMG_20190104_165119_jpg.rf.d42f813efd9abe6cff899014b30a44d0.jpg,416,416,Heltec_ESP32_Lora,128,120,323,278
IMG_20190104_163951_jpg.rf.3b5da9618e6a98112fbfba7133a4da03.jpg,416,416,Raspberry_Pi_3,1,19,251,353
IMG_20190104_163951_jpg.rf.3b5da9618e6a98112fbfba7133a4da03.jpg,416,416,ESP8266,190,215,363,375
IMG_20190104_163951_jpg.rf.3b5da9618e6a98112fbfba7133a4da03.jpg,416,416,Heltec_ESP32_Lora,242,1,384,164
IMG_20190104_164259_jpg.rf.8825e0653d18d8419379773ef6c8dc12.jpg,416,416,Arduino_Nano,141,173,324,322
IMG_20190104_165200_jpg.rf.4ac7aa9e42bc7ab2f4671c085f6b3fbd.jpg,416,416,Raspberry_Pi_3,12,113,281,397
IMG_20181228_103326_jpg.rf.96e5936896745fc19222d7be1c3e1cc0.jpg,416,416,Heltec_ESP32_Lora,125,84,318,237
IMG_20190104_165204_jpg.rf.e89f05cee77fc273212abb96e38bf570.jpg,416,416,Heltec_ESP32_Lora,171,204,292,339
IMG_20181228_104153_jpg.rf.5b6e6862f97f42ab6d86c7caa3591367.jpg,416,416,Heltec_ESP32_Lora,183,220,359,337
IMG_20181228_104303_jpg.rf.c932842eb92c5611e90843df17fe8269.jpg,416,416,Arduino_Nano,92,210,187,323
IMG_20181228_104303_jpg.rf.c932842eb92c5611e90843df17fe8269.jpg,416,416,Raspberry_Pi_3,198,142,407,375
IMG_20181228_103014_jpg.rf.f5f999a6a7803c537372efdf8a619950.jpg,416,416,Arduino_Nano,128,154,255,277
IMG_20190104_164252_jpg.rf.708114a2723710ed68d66e6cbc910dfe.jpg,416,416,Heltec_ESP32_Lora,104,126,339,379
IMG_20190104_164630_jpg.rf.092757ec83434bebc22984915c991523.jpg,416,416,Raspberry_Pi_3,199,20,317,132
IMG_20190104_164630_jpg.rf.092757ec83434bebc22984915c991523.jpg,416,416,Heltec_ESP32_Lora,174,278,237,355
IMG_20190104_164630_jpg.rf.092757ec83434bebc22984915c991523.jpg,416,416,Arduino_Nano,56,322,106,389
IMG_20190104_163812_jpg.rf.8a1a6c50968c32c04b1e77e5c7f6d523.jpg,416,416,ESP8266,92,57,320,332
IMG_20181228_103622_jpg.rf.eba94c47855fd6ef8729a62b31c6528c.jpg,416,416,Raspberry_Pi_3,158,39,375,385
IMG_20190104_164153_jpg.rf.178b5acdc2cda4b60d027eb95ca80ff3.jpg,416,416,Raspberry_Pi_3,93,51,390,343
IMG_20181228_103007_jpg.rf.e2bac75020358f664133e7526643dae5.jpg,416,416,ESP8266,140,126,360,283
IMG_20190104_164233_jpg.rf.3747c71f891e8b8d3a5e937010d51be3.jpg,416,416,Raspberry_Pi_3,37,103,307,309
IMG_20190104_164205_jpg.rf.70152dc57accd0cf58d0984cf779b399.jpg,416,416,ESP8266,178,209,329,355
IMG_20190104_164415_jpg.rf.9512f98a8726bfb39eda5f4e4871ca3c.jpg,416,416,Arduino_Nano,145,163,310,303
IMG_20181228_104332_jpg.rf.885d2a3b2e0096de91b2afd89fb821fa.jpg,416,416,Arduino_Nano,144,141,245,219
IMG_20181228_104332_jpg.rf.885d2a3b2e0096de91b2afd89fb821fa.jpg,416,416,ESP8266,185,265,304,360
IMG_20181228_103326_jpg.rf.ae975cb405843bc3a2b348e5d1435819.jpg,416,416,Heltec_ESP32_Lora,105,87,294,234
IMG_20190104_164023_jpg.rf.24acaa0f99cece0fd3b70445ddfbb448.jpg,416,416,Arduino_Nano,135,233,223,416
IMG_20181228_104213_jpg.rf.0f597295abf1ed759317ba8905b2fed5.jpg,416,416,Arduino_Nano,165,102,229,206
IMG_20181228_101915_jpg.rf.c870b0b28dce17fd44a4745963bf568d.jpg,416,416,Raspberry_Pi_3,51,122,324,380
IMG_20181228_103014_jpg.rf.4d7fe58f148e0711129dd76ad1008ed9.jpg,416,416,Arduino_Nano,130,140,255,261
IMG_20181228_102313_jpg.rf.3d2fcda2c00d437cdfad37a801a3c102.jpg,416,416,ESP8266,204,142,289,227
IMG_20181228_101855_jpg.rf.e91cf14158c173ab213ee294ca4edc70.jpg,416,416,Heltec_ESP32_Lora,206,150,310,250
IMG_20190104_164630_jpg.rf.6c8462f08d3a54f30b4465077875a5bd.jpg,416,416,Raspberry_Pi_3,199,286,317,398
IMG_20190104_164630_jpg.rf.6c8462f08d3a54f30b4465077875a5bd.jpg,416,416,Heltec_ESP32_Lora,174,63,237,140
IMG_20190104_164630_jpg.rf.6c8462f08d3a54f30b4465077875a5bd.jpg,416,416,Arduino_Nano,56,29,106,96
IMG_20181228_102557_jpg.rf.d60b659ffdd31563777dd4fbaae1c72a.jpg,416,416,ESP8266,137,200,203,273
IMG_20190104_164635_jpg.rf.2e0763142107ad1e63874c57577b2194.jpg,416,416,ESP8266,115,12,185,88
IMG_20190104_164635_jpg.rf.2e0763142107ad1e63874c57577b2194.jpg,416,416,Raspberry_Pi_3,148,126,243,211
IMG_20190104_164635_jpg.rf.2e0763142107ad1e63874c57577b2194.jpg,416,416,Heltec_ESP32_Lora,227,313,276,378
IMG_20190104_164635_jpg.rf.2e0763142107ad1e63874c57577b2194.jpg,416,416,Arduino_Nano,334,329,368,384
IMG_20181228_103611_jpg.rf.6f8a80ba865695718b6f5188cb07cb34.jpg,416,416,Heltec_ESP32_Lora,164,124,277,207
IMG_20181228_102210_jpg.rf.52d7f8d9020b491396ce32806b18b71f.jpg,416,416,Heltec_ESP32_Lora,146,151,226,215
IMG_20190104_165204_jpg.rf.a18d9dc93121c2e2fe672510106d9b0b.jpg,416,416,Heltec_ESP32_Lora,126,205,245,339
IMG_20181228_103234_jpg.rf.f25e7a62f3ce8cd64261a25776c136c5.jpg,416,416,Heltec_ESP32_Lora,112,148,297,325
IMG_20181228_102511_jpg.rf.fede7bdeae0343a6198d376e5d821f2a.jpg,416,416,Raspberry_Pi_3,85,91,242,283
IMG_20181228_104356_jpg.rf.f90d1e6b1bbbdc731809e6c53eeea7ad.jpg,416,416,ESP8266,11,215,148,335
IMG_20181228_104356_jpg.rf.f90d1e6b1bbbdc731809e6c53eeea7ad.jpg,416,416,Raspberry_Pi_3,118,221,333,414
IMG_20181228_104356_jpg.rf.f90d1e6b1bbbdc731809e6c53eeea7ad.jpg,416,416,Arduino_Nano,327,192,388,276
IMG_20190104_164240_jpg.rf.2e68407a6a640590921250686ab7a0e4.jpg,416,416,Raspberry_Pi_3,15,42,416,378
IMG_20190104_164400_jpg.rf.703fcc4fbb7005af590be13592f41512.jpg,416,416,ESP8266,116,31,227,248
IMG_20190104_165104_jpg.rf.272d1b4a5c53d4d9d2a69c8b31a548fc.jpg,416,416,Raspberry_Pi_3,88,99,358,392
IMG_20181228_102319_jpg.rf.6541bb33c6acdb22b7c44b78e846e1c9.jpg,416,416,Arduino_Nano,169,184,229,242
IMG_20190104_164220_jpg.rf.e6cac9d4ee0db7214cc386775920160d.jpg,416,416,ESP8266,51,135,266,273
IMG_20190104_164615_jpg.rf.11c6a7ac20be1c28aa35077069a6edfa.jpg,416,416,Raspberry_Pi_3,68,62,238,223
IMG_20181228_103117_jpg.rf.b89aa2925a93a695e518daf9c5ee5ef5.jpg,416,416,ESP8266,183,100,297,210
IMG_20181228_104344_jpg.rf.9708d7125dafc4387390d09e19817b48.jpg,416,416,Heltec_ESP32_Lora,131,186,246,274
IMG_20181228_104344_jpg.rf.9708d7125dafc4387390d09e19817b48.jpg,416,416,ESP8266,134,280,278,388
IMG_20181228_104027_jpg.rf.a93ed3c8e4df0c6e3ed825d22575e8cf.jpg,416,416,Heltec_ESP32_Lora,119,144,261,283
IMG_20181228_102155_jpg.rf.06889d60b3938c39ef36c0807a38a743.jpg,416,416,ESP8266,150,150,226,231
IMG_20190104_163956_jpg.rf.0dc93e3812eca6dbaee710ca68b5bf4d.jpg,416,416,Heltec_ESP32_Lora,88,14,235,166
IMG_20190104_163956_jpg.rf.0dc93e3812eca6dbaee710ca68b5bf4d.jpg,416,416,Arduino_Nano,301,63,389,219
IMG_20190104_163956_jpg.rf.0dc93e3812eca6dbaee710ca68b5bf4d.jpg,416,416,ESP8266,25,258,198,395
IMG_20190104_163855_jpg.rf.dbdc5bff83abd21583986cab45eef92d.jpg,416,416,Arduino_Nano,143,164,394,333
IMG_20181228_104332_jpg.rf.3c673ad9988f4bfa46e4f647e2593569.jpg,416,416,Arduino_Nano,135,147,236,225
IMG_20181228_104332_jpg.rf.3c673ad9988f4bfa46e4f647e2593569.jpg,416,416,ESP8266,215,249,334,344
IMG_20190104_165119_jpg.rf.1993b46ae77cdf9f709773bf19199b88.jpg,416,416,Heltec_ESP32_Lora,131,143,321,295
IMG_20190104_164121_jpg.rf.9371c9221843a0b5166b63ae7ade02c2.jpg,416,416,Arduino_Nano,159,82,337,259
IMG_20181228_103012_jpg.rf.ffe3c691c059b6677ebb7ce186f21d32.jpg,416,416,Raspberry_Pi_3,46,99,399,341
IMG_20181228_102033_jpg.rf.6da6f58e7d4dd5b0dbc9904f02038dac.jpg,416,416,ESP8266,115,200,218,286
IMG_20190104_163951_jpg.rf.dfb130982a77600921a8f81adfc34831.jpg,416,416,Raspberry_Pi_3,3,21,235,325
IMG_20190104_163951_jpg.rf.dfb130982a77600921a8f81adfc34831.jpg,416,416,ESP8266,187,233,342,373
IMG_20190104_163951_jpg.rf.dfb130982a77600921a8f81adfc34831.jpg,416,416,Heltec_ESP32_Lora,271,15,391,171
IMG_20181228_103234_jpg.rf.cc55b7571afcaf5280eebe1cf6196097.jpg,416,416,Heltec_ESP32_Lora,112,148,297,325
IMG_20190104_164548_jpg.rf.a25fcab60de7eb9122feb946412cd039.jpg,416,416,Arduino_Nano,175,224,248,295
IMG_20181228_104234_jpg.rf.592fe2f2601f689810f5085d186d66b7.jpg,416,416,Arduino_Nano,221,192,354,256
IMG_20181228_104234_jpg.rf.592fe2f2601f689810f5085d186d66b7.jpg,416,416,Heltec_ESP32_Lora,155,83,296,185
IMG_20181228_104234_jpg.rf.592fe2f2601f689810f5085d186d66b7.jpg,416,416,ESP8266,52,168,194,277
IMG_20190104_163815_jpg.rf.889bf5d92235299ea43b44296f2995c7.jpg,416,416,Arduino_Nano,114,64,345,311
IMG_20181228_104027_jpg.rf.ebee4906a01c521a981e47c7b6c04f57.jpg,416,416,Heltec_ESP32_Lora,124,139,256,267
IMG_20190104_164622_jpg.rf.4dcc0ad59cfb2e74e1aa23c55f5305e0.jpg,416,416,Heltec_ESP32_Lora,242,113,337,244
IMG_20190104_164622_jpg.rf.4dcc0ad59cfb2e74e1aa23c55f5305e0.jpg,416,416,Arduino_Nano,60,237,129,341
IMG_20190104_163951_jpg.rf.ed2dbae6e933f29fb5a6d6fd3051c52d.jpg,416,416,Raspberry_Pi_3,1,20,239,332
IMG_20190104_163951_jpg.rf.ed2dbae6e933f29fb5a6d6fd3051c52d.jpg,416,416,ESP8266,187,229,347,374
IMG_20190104_163951_jpg.rf.ed2dbae6e933f29fb5a6d6fd3051c52d.jpg,416,416,Heltec_ESP32_Lora,264,9,390,170
IMG_20190104_163949_jpg.rf.a13712da90664a0792896315bb8f9320.jpg,416,416,Heltec_ESP32_Lora,227,124,396,301
IMG_20190104_163949_jpg.rf.a13712da90664a0792896315bb8f9320.jpg,416,416,Arduino_Nano,37,114,141,300
IMG_20181228_103805_jpg.rf.2b00bbac4dd53fe542343892d98fc8c2.jpg,416,416,Heltec_ESP32_Lora,135,129,275,262
IMG_20181228_103231_jpg.rf.acaa66b4880b31aa3cdcc0a2cf082141.jpg,416,416,Arduino_Nano,106,127,266,262
IMG_20190104_164312_jpg.rf.6463d9c02279c16c179857fa7da03195.jpg,416,416,Arduino_Nano,116,121,244,298
IMG_20190104_164227_jpg.rf.9df9c7708e0c2feddc5e25556b1fec9d.jpg,416,416,ESP8266,19,153,246,281
IMG_20190104_164548_jpg.rf.6958fd41e3285d9efbd54f3df11eed1f.jpg,416,416,Arduino_Nano,180,227,246,291
IMG_20190104_164622_jpg.rf.92760625a0d95a5db9b1c9d72ce263b0.jpg,416,416,Heltec_ESP32_Lora,243,159,344,295
IMG_20190104_164622_jpg.rf.92760625a0d95a5db9b1c9d72ce263b0.jpg,416,416,Arduino_Nano,46,95,120,202
IMG_20190104_163855_jpg.rf.40aad19c4a217bf34043e8c4729a8c58.jpg,416,416,Arduino_Nano,19,155,276,336
IMG_20181228_102552_jpg.rf.3aa7cac5a4f63c53e8db5fbf80314a82.jpg,416,416,Heltec_ESP32_Lora,197,210,263,283
IMG_20181228_101826_jpg.rf.e96dbad8ad8e29e03ef10cfa8d4b6424.jpg,416,416,Arduino_Nano,163,176,292,242
IMG_20181228_102425_jpg.rf.d14a5c251ab86e28abf295097c0e24bb.jpg,416,416,Raspberry_Pi_3,185,119,309,233
IMG_20181228_103424_jpg.rf.4ba574199efd5e480b1d28c0d1c99ee2.jpg,416,416,Heltec_ESP32_Lora,156,150,330,334
IMG_20190104_164248_jpg.rf.734fe59230c7b33c4d7357ff4b2d1e65.jpg,416,416,Heltec_ESP32_Lora,94,84,317,235
IMG_20181228_102308_jpg.rf.0ed0218e40a5d9b3e567858632a63d56.jpg,416,416,Raspberry_Pi_3,167,135,266,231
IMG_20190104_164157_jpg.rf.ef4cf94e25f2c05db1c49013550db097.jpg,416,416,Raspberry_Pi_3,137,63,313,228
IMG_20190104_164252_jpg.rf.da9fa9a43e23b34bc28bb12f09b270ca.jpg,416,416,Heltec_ESP32_Lora,87,126,325,382
IMG_20181228_102547_jpg.rf.1eb36e385d8bdbcd8f027af7b5ca15f2.jpg,416,416,Raspberry_Pi_3,123,123,265,216
IMG_20181228_101903_jpg.rf.b572aeeb680f6cdf4cf962785178a13f.jpg,416,416,ESP8266,151,167,267,269
IMG_20181228_104356_jpg.rf.be166d91dbf8d6fbd2dabd6bc51c92b1.jpg,416,416,ESP8266,225,26,383,172
IMG_20181228_104356_jpg.rf.be166d91dbf8d6fbd2dabd6bc51c92b1.jpg,416,416,Raspberry_Pi_3,29,1,278,232
IMG_20181228_104356_jpg.rf.be166d91dbf8d6fbd2dabd6bc51c92b1.jpg,416,416,Arduino_Nano,23,195,101,289
IMG_20190104_164134_jpg.rf.66b8e0ff0200e68a1117f7eff86caa65.jpg,416,416,Heltec_ESP32_Lora,167,153,253,235
IMG_20190104_164134_jpg.rf.0dd8df1a72eae86e52feb09dc1fcbf51.jpg,416,416,Heltec_ESP32_Lora,163,180,255,269
IMG_20181228_103009_jpg.rf.4b354686903bb5e3f0bc237d58044d26.jpg,416,416,Heltec_ESP32_Lora,120,136,319,287
IMG_20190104_164430_jpg.rf.f6f5eec2b5560e204d98b85c06135c76.jpg,416,416,Heltec_ESP32_Lora,150,150,244,222
IMG_20190104_164017_jpg.rf.e9f648d6ec3499bcadaba0a7cd2cc6fa.jpg,416,416,Heltec_ESP32_Lora,124,1,295,257
IMG_20181228_102033_jpg.rf.d118e0f00f66c8e5a47006908f72aac5.jpg,416,416,ESP8266,119,133,218,213
IMG_20190104_165129_jpg.rf.32c62e2bdce9228f101e73aceb99a7ca.jpg,416,416,ESP8266,141,126,296,244
IMG_20181228_104004_jpg.rf.043f914bd1d2545a86405164dc9b6d0f.jpg,416,416,ESP8266,128,154,258,307
IMG_20190104_164559_jpg.rf.2cafc886755fe5c04cff524a2a28c546.jpg,416,416,Heltec_ESP32_Lora,118,127,181,233
IMG_20181228_104234_jpg.rf.c4548d92d0fc6467ab87e65c439a9592.jpg,416,416,Arduino_Nano,61,177,197,249
IMG_20181228_104234_jpg.rf.c4548d92d0fc6467ab87e65c439a9592.jpg,416,416,Heltec_ESP32_Lora,130,77,277,188
IMG_20181228_104234_jpg.rf.c4548d92d0fc6467ab87e65c439a9592.jpg,416,416,ESP8266,219,176,367,294
IMG_20181228_103813_jpg.rf.47c854d81f081708acd6daea325c930f.jpg,416,416,Arduino_Nano,77,140,271,323
IMG_20181228_104139_jpg.rf.151f5f45928e6f740a6c535056af80d0.jpg,416,416,Raspberry_Pi_3,1,3,416,416
IMG_20190104_164233_jpg.rf.ae59e92444de31201c75592fa1b0972d.jpg,416,416,Raspberry_Pi_3,120,135,369,306
IMG_20181228_102048_jpg.rf.41133c49bbdc6114fce3bdd4de8c4cbd.jpg,416,416,Heltec_ESP32_Lora,131,135,183,198
IMG_20190104_164440_jpg.rf.5b4b1d28e25804b943d5dbfb2f6adf84.jpg,416,416,ESP8266,146,94,248,264
IMG_20190104_164200_jpg.rf.abd4e7ed47cf6c1ae5f97cda93b8a047.jpg,416,416,ESP8266,174,105,363,252
IMG_20181228_103805_jpg.rf.1d61face4d9500bf45c389a0c2fb97af.jpg,416,416,Heltec_ESP32_Lora,143,164,269,282
IMG_20181228_102434_jpg.rf.5724e4b5bfea0b1090796a1ecc133bcb.jpg,416,416,Arduino_Nano,287,191,336,258
IMG_20181228_103110_jpg.rf.cd6c1dec9bf484ea0b395b59700193b6.jpg,416,416,Raspberry_Pi_3,147,161,344,402
IMG_20181228_102520_jpg.rf.d59852ca5949e0aa8dab734e1e3c898e.jpg,416,416,ESP8266,213,182,291,250
IMG_20190104_164630_jpg.rf.24a029a18e11215abbb30544d7f9bea4.jpg,416,416,Raspberry_Pi_3,195,21,310,129
IMG_20190104_164630_jpg.rf.24a029a18e11215abbb30544d7f9bea4.jpg,416,416,Heltec_ESP32_Lora,179,279,240,355
IMG_20190104_164630_jpg.rf.24a029a18e11215abbb30544d7f9bea4.jpg,416,416,Arduino_Nano,62,327,110,393
IMG_20190104_163902_jpg.rf.d96f01aaea7782787b9096b6fb4cc8bb.jpg,416,416,Arduino_Nano,109,80,355,242
IMG_20181228_104256_jpg.rf.7ebee04e0a5d1a95c4b924c8fee56794.jpg,416,416,Arduino_Nano,199,151,336,223
IMG_20181228_104256_jpg.rf.7ebee04e0a5d1a95c4b924c8fee56794.jpg,416,416,ESP8266,52,187,167,307
IMG_20181228_102313_jpg.rf.7af8ff51ef660453b9de2451107944ed.jpg,416,416,ESP8266,127,146,211,229
IMG_20181228_104317_jpg.rf.80ff6142c5795593ad62bc32e497fd66.jpg,416,416,ESP8266,162,152,260,267
IMG_20181228_104317_jpg.rf.80ff6142c5795593ad62bc32e497fd66.jpg,416,416,Raspberry_Pi_3,1,25,234,231
IMG_20181228_102801_jpg.rf.691606c3e856980a24528e92aeb8e9f7.jpg,416,416,Raspberry_Pi_3,39,59,383,382
IMG_20190104_164635_jpg.rf.120c4e892fe97f0cfc0d3b893a51f58e.jpg,416,416,ESP8266,166,339,239,416
IMG_20190104_164635_jpg.rf.120c4e892fe97f0cfc0d3b893a51f58e.jpg,416,416,Raspberry_Pi_3,160,208,257,296
IMG_20190104_164635_jpg.rf.120c4e892fe97f0cfc0d3b893a51f58e.jpg,416,416,Heltec_ESP32_Lora,182,34,233,100
IMG_20190104_164635_jpg.rf.120c4e892fe97f0cfc0d3b893a51f58e.jpg,416,416,Arduino_Nano,280,1,317,53
IMG_20190104_164125_jpg.rf.762925af2e478f2abacbd90f0b60a768.jpg,416,416,Arduino_Nano,179,168,273,270
IMG_20181228_102319_jpg.rf.b9b61ac473813987ce9a7b2b9a0649bb.jpg,416,416,Arduino_Nano,168,183,232,245
IMG_20190104_165204_jpg.rf.b856189a4dcd80f11beb1763336792b7.jpg,416,416,Heltec_ESP32_Lora,110,88,231,223
IMG_20190104_164635_jpg.rf.35b2e5d6260c1fabea30e03a8c6ab9ad.jpg,416,416,ESP8266,184,340,255,417
IMG_20190104_164635_jpg.rf.35b2e5d6260c1fabea30e03a8c6ab9ad.jpg,416,416,Raspberry_Pi_3,163,209,259,295
IMG_20190104_164635_jpg.rf.35b2e5d6260c1fabea30e03a8c6ab9ad.jpg,416,416,Heltec_ESP32_Lora,184,34,234,99
IMG_20190104_164635_jpg.rf.35b2e5d6260c1fabea30e03a8c6ab9ad.jpg,416,416,Arduino_Nano,99,1,135,55
IMG_20181228_103434_jpg.rf.a0ed18f8bb589639d5480628f6c713b5.jpg,416,416,Raspberry_Pi_3,74,11,402,416
IMG_20190104_164017_jpg.rf.40ec78351e90d8cb45a961c6d74e1daf.jpg,416,416,Heltec_ESP32_Lora,121,1,296,259
IMG_20181228_102520_jpg.rf.0f87d7cf3f773fe06bce12c235cdf10b.jpg,416,416,ESP8266,212,175,293,246
IMG_20190104_164240_jpg.rf.7a0d70a1af4e93810e9bf0859d43a217.jpg,416,416,Raspberry_Pi_3,7,79,381,344
IMG_20181228_104001_jpg.rf.c6833272aa92cb433c5110e1da9cc415.jpg,416,416,Raspberry_Pi_3,110,150,328,353
IMG_20190104_164252_jpg.rf.3185eb08cca4f3b64eb74d44354f7e2d.jpg,416,416,Heltec_ESP32_Lora,104,44,327,286
IMG_20181228_103331_jpg.rf.beac5bf624609f3ce3753ede87f1ea03.jpg,416,416,Raspberry_Pi_3,81,57,332,301
IMG_20181228_102201_jpg.rf.bc7d7ae5c92f3b160d96f5c1ba7142ca.jpg,416,416,Raspberry_Pi_3,95,122,339,331
IMG_20181228_104303_jpg.rf.916d7975d7a0e4b2e58f382f8487665a.jpg,416,416,Arduino_Nano,200,69,321,201
IMG_20181228_104303_jpg.rf.916d7975d7a0e4b2e58f382f8487665a.jpg,416,416,Raspberry_Pi_3,1,48,237,327
IMG_20190104_164013_jpg.rf.ec52d0ef91c9e93640ff37708debaf85.jpg,416,416,Raspberry_Pi_3,65,69,374,416
IMG_20190104_164248_jpg.rf.19d876f28792d9bf8adad4137c91245f.jpg,416,416,Heltec_ESP32_Lora,102,180,329,338
IMG_20181228_104241_jpg.rf.7728b87e03b9f58e82d91db9cd8170ba.jpg,416,416,ESP8266,32,84,209,231
IMG_20181228_104241_jpg.rf.7728b87e03b9f58e82d91db9cd8170ba.jpg,416,416,Raspberry_Pi_3,100,185,385,416
IMG_20181228_103324_jpg.rf.b248f0d380acef98ea0a7dd3e374481e.jpg,416,416,Arduino_Nano,106,186,255,277
IMG_20181228_104413_jpg.rf.9e0c492de3d8f792f3490af7a85a89a6.jpg,416,416,ESP8266,211,131,315,226
IMG_20181228_104413_jpg.rf.9e0c492de3d8f792f3490af7a85a89a6.jpg,416,416,ESP8266,96,124,205,237
IMG_20181228_102516_jpg.rf.8daf5a5f12cd5584f98344f4c9f89c97.jpg,416,416,Heltec_ESP32_Lora,224,146,310,224
IMG_20181228_103429_jpg.rf.3c27ab8a7235572cd9cb1184eaaf5125.jpg,416,416,Arduino_Nano,98,161,260,298
IMG_20181228_104317_jpg.rf.eaf7e00d04d2c04e7bbf9e288126d68b.jpg,416,416,ESP8266,157,153,257,269
IMG_20181228_104317_jpg.rf.eaf7e00d04d2c04e7bbf9e288126d68b.jpg,416,416,Raspberry_Pi_3,152,1,398,205
IMG_20190104_163809_jpg.rf.c4475ea15aec00083fc7950457cbf084.jpg,416,416,Heltec_ESP32_Lora,93,122,376,338
IMG_20181228_103231_jpg.rf.13405e9734b10c05a3d7dccb838b30ca.jpg,416,416,Arduino_Nano,111,163,263,288
IMG_20181228_104144_jpg.rf.cc3e5f915e10d6126ed21fdec95b40b1.jpg,416,416,ESP8266,58,83,272,322
IMG_20190104_164434_jpg.rf.9e1bd8ddcdb4b412404619e043991061.jpg,416,416,Raspberry_Pi_3,136,103,329,282
IMG_20181228_103429_jpg.rf.32c3bee1b8dc43be4545e81bca31a961.jpg,416,416,Arduino_Nano,99,161,252,287
IMG_20190104_164405_jpg.rf.ac8ee06fbe0a288e1624f680c0bd945c.jpg,416,416,Raspberry_Pi_3,48,48,314,319
IMG_20181228_104309_jpg.rf.cfd3ac958c4d7fac24718ee26adaf812.jpg,416,416,Heltec_ESP32_Lora,142,138,239,214
IMG_20181228_104309_jpg.rf.cfd3ac958c4d7fac24718ee26adaf812.jpg,416,416,ESP8266,184,68,274,149
IMG_20181228_104139_jpg.rf.8e0defd9ea7835cab12d4b6e76e3702b.jpg,416,416,Raspberry_Pi_3,1,1,416,416
IMG_20190104_163823_jpg.rf.ed4dd78cfcbe1f3f3eb3e16a5f04686d.jpg,416,416,Raspberry_Pi_3,1,58,416,416
IMG_20190104_164130_jpg.rf.1f687fea39e34d964c0bea4c6cd21db1.jpg,416,416,Heltec_ESP32_Lora,159,122,331,283
IMG_20190104_163943_jpg.rf.14f966e1531c601599cf7eb5c9623ab3.jpg,416,416,Raspberry_Pi_3,190,24,379,320
IMG_20190104_163943_jpg.rf.14f966e1531c601599cf7eb5c9623ab3.jpg,416,416,ESP8266,29,98,201,278
IMG_20190104_163943_jpg.rf.e8809c048ddd4ca490ea6b0b829681ce.jpg,416,416,Raspberry_Pi_3,197,47,386,343
IMG_20190104_163943_jpg.rf.e8809c048ddd4ca490ea6b0b829681ce.jpg,416,416,ESP8266,38,72,210,252
IMG_20190104_164248_jpg.rf.695fb5d0300f1bef3761c68983a81f02.jpg,416,416,Heltec_ESP32_Lora,91,182,316,336
IMG_20190104_163834_jpg.rf.bb71bba4c23b1f1ca1042491606aa03d.jpg,416,416,Raspberry_Pi_3,1,21,372,286
IMG_20181228_104024_jpg.rf.3e6fdf5e00c76301eef15b79cd949956.jpg,416,416,Arduino_Nano,163,187,289,271
IMG_20181228_103121_jpg.rf.965b9b5515c090f10f830f5ba7c3a1e8.jpg,416,416,Arduino_Nano,187,185,288,284
IMG_20181228_103622_jpg.rf.6df6290586a92f6bee18b6f65ab4098c.jpg,416,416,Raspberry_Pi_3,27,42,281,405
IMG_20190104_164415_jpg.rf.65e78f711760631879dc53bef255fb00.jpg,416,416,Arduino_Nano,154,169,306,294
IMG_20181228_102506_jpg.rf.01d142f2213942874b6173d999321bbb.jpg,416,416,Arduino_Nano,253,195,302,279
IMG_20181228_104317_jpg.rf.260e8afb0b576760df38227dc36a8d27.jpg,416,416,ESP8266,163,154,260,268
IMG_20181228_104317_jpg.rf.260e8afb0b576760df38227dc36a8d27.jpg,416,416,Raspberry_Pi_3,20,3,260,204
IMG_20181228_102511_jpg.rf.c9f0802341e55469901f993ebff47887.jpg,416,416,Raspberry_Pi_3,188,102,327,286
IMG_20190104_163909_jpg.rf.bb312b685df79e6b2293dbf3f9b4c28f.jpg,416,416,ESP8266,69,155,398,361
IMG_20181228_102557_jpg.rf.ce9b3ca43d37b3ae2ff1df5a4d47a467.jpg,416,416,ESP8266,145,210,208,281
IMG_20181228_102425_jpg.rf.d57a7c64f8487d41137af41341f5d87e.jpg,416,416,Raspberry_Pi_3,105,177,222,283
IMG_20181228_104248_jpg.rf.6645d7d340a7cd75c2759328e2e7069e.jpg,416,416,Heltec_ESP32_Lora,259,106,379,216
IMG_20181228_104248_jpg.rf.6645d7d340a7cd75c2759328e2e7069e.jpg,416,416,Raspberry_Pi_3,90,110,243,296
IMG_20190104_163842_jpg.rf.0cf509e2f552302d2d126d31482eda84.jpg,416,416,Heltec_ESP32_Lora,30,156,356,361
IMG_20181228_104256_jpg.rf.8304a321ba4cdab18465fd6ab7665a04.jpg,416,416,Arduino_Nano,78,182,219,263
IMG_20181228_104256_jpg.rf.8304a321ba4cdab18465fd6ab7665a04.jpg,416,416,ESP8266,252,122,375,250
IMG_20181228_102201_jpg.rf.55dc81b1106f29105ece077a33dfa8ef.jpg,416,416,Raspberry_Pi_3,90,114,345,337
IMG_20181228_103113_jpg.rf.481ba29575d9b949096e4e2b928e6500.jpg,416,416,Heltec_ESP32_Lora,175,187,275,269
IMG_20181228_102155_jpg.rf.0d852b7c5292ad495ac87e1bace75552.jpg,416,416,ESP8266,145,180,222,262
IMG_20190104_165129_jpg.rf.94aa029d2eae59d637d4b12c3245b5ad.jpg,416,416,ESP8266,124,127,277,243
IMG_20190104_163943_jpg.rf.e62b126776377f08b1ae9709262db13e.jpg,416,416,Raspberry_Pi_3,15,58,237,367
IMG_20190104_163943_jpg.rf.e62b126776377f08b1ae9709262db13e.jpg,416,416,ESP8266,192,169,382,365
IMG_20190104_164121_jpg.rf.165007c85c9b957a9a4ed5cc0975880f.jpg,416,416,Arduino_Nano,155,78,338,260
IMG_20181228_104234_jpg.rf.04b97166085ea6a95369f2f1e098764e.jpg,416,416,Arduino_Nano,60,170,199,249
IMG_20181228_104234_jpg.rf.04b97166085ea6a95369f2f1e098764e.jpg,416,416,Heltec_ESP32_Lora,132,227,283,344
IMG_20181228_104234_jpg.rf.04b97166085ea6a95369f2f1e098764e.jpg,416,416,ESP8266,215,118,368,242
IMG_20181228_101826_jpg.rf.da91f2c3a4e897889bf824694353c662.jpg,416,416,Arduino_Nano,163,174,292,238
IMG_20181228_102048_jpg.rf.1b994b735f2280a58afb9f426bdfbe83.jpg,416,416,Heltec_ESP32_Lora,130,138,180,200
IMG_20181228_102206_jpg.rf.198552bde358b60262244f46ee2a5e2a.jpg,416,416,Arduino_Nano,184,190,249,264
IMG_20181228_104248_jpg.rf.247ea0d7a12815cef810165ab87b6264.jpg,416,416,Heltec_ESP32_Lora,42,211,178,340
IMG_20181228_104248_jpg.rf.247ea0d7a12815cef810165ab87b6264.jpg,416,416,Raspberry_Pi_3,162,104,344,312
IMG_20190104_164434_jpg.rf.04c001dba29257f5df11207c44837a73.jpg,416,416,Raspberry_Pi_3,145,114,311,260
IMG_20181228_103611_jpg.rf.3e6be6099cf29dee180a623fd55811d9.jpg,416,416,Heltec_ESP32_Lora,172,126,287,212
IMG_20181228_102557_jpg.rf.ae4742924651f8259825dd28d5d273c5.jpg,416,416,ESP8266,146,210,211,282
IMG_20190104_163812_jpg.rf.db6468101ab9e781226592692aee49f8.jpg,416,416,ESP8266,113,67,316,323
IMG_20190104_164615_jpg.rf.1b9ba589752edcbe193af9757383b6af.jpg,416,416,Raspberry_Pi_3,100,223,243,353
IMG_20181228_103805_jpg.rf.889d62d14f5e6d028b15e2522ff0fb35.jpg,416,416,Heltec_ESP32_Lora,138,157,278,290
IMG_20181228_104344_jpg.rf.bab84dd7c7cc27429c0039ae8e6054ce.jpg,416,416,Heltec_ESP32_Lora,173,186,288,274
IMG_20181228_104344_jpg.rf.bab84dd7c7cc27429c0039ae8e6054ce.jpg,416,416,ESP8266,140,280,284,388
IMG_20181228_104144_jpg.rf.950edfa7e908d800579042ea3ee0dcf0.jpg,416,416,ESP8266,157,100,351,323
IMG_20190104_163842_jpg.rf.7b316fe4fa483ee9a044ffd130c487ab.jpg,416,416,Heltec_ESP32_Lora,41,58,364,258
IMG_20190104_163849_jpg.rf.9738380745e1a4282ae4b0173e2d68ee.jpg,416,416,Heltec_ESP32_Lora,46,61,323,273
IMG_20181228_104248_jpg.rf.e509c24bde2d66c71dfbaa42b9524a3d.jpg,416,416,Heltec_ESP32_Lora,227,218,373,357
IMG_20181228_104248_jpg.rf.e509c24bde2d66c71dfbaa42b9524a3d.jpg,416,416,Raspberry_Pi_3,67,93,266,313
IMG_20190104_164630_jpg.rf.1bcaef248a83eda9c976b5c1abf8fb76.jpg,416,416,Raspberry_Pi_3,194,291,308,398
IMG_20190104_164630_jpg.rf.1bcaef248a83eda9c976b5c1abf8fb76.jpg,416,416,Heltec_ESP32_Lora,181,64,241,139
IMG_20190104_164630_jpg.rf.1bcaef248a83eda9c976b5c1abf8fb76.jpg,416,416,Arduino_Nano,66,24,113,89
IMG_20190104_163951_jpg.rf.9f5a120b0fdf1898a5f8f44aff4b8be7.jpg,416,416,Raspberry_Pi_3,184,21,416,325
IMG_20190104_163951_jpg.rf.9f5a120b0fdf1898a5f8f44aff4b8be7.jpg,416,416,ESP8266,77,233,232,373
IMG_20190104_163951_jpg.rf.9f5a120b0fdf1898a5f8f44aff4b8be7.jpg,416,416,Heltec_ESP32_Lora,28,15,148,171
IMG_20181228_103009_jpg.rf.1a8cb2dc6b972c57f7e9c002124b26f8.jpg,416,416,Heltec_ESP32_Lora,103,135,296,277
IMG_20190104_163834_jpg.rf.a13c5833285c1da9006458521aa41421.jpg,416,416,Raspberry_Pi_3,3,136,372,396
IMG_20190104_164220_jpg.rf.78ed6d5dd7c3c1075e96397a3e82a1dd.jpg,416,416,ESP8266,43,128,273,293
IMG_20190104_163809_jpg.rf.2d5f3e6c1c141945096155cb62e87464.jpg,416,416,Heltec_ESP32_Lora,40,79,326,300
IMG_20181228_104332_jpg.rf.1ed0711cd0b2d3bbc7ac152cee5f4d69.jpg,416,416,Arduino_Nano,137,196,236,271
IMG_20181228_104332_jpg.rf.1ed0711cd0b2d3bbc7ac152cee5f4d69.jpg,416,416,ESP8266,213,74,329,166
IMG_20190104_165146_jpg.rf.aae65277e876cb6ef69f4fec027048f6.jpg,416,416,ESP8266,171,154,342,306
IMG_20190104_163915_jpg.rf.8281d8428686bd3367f6b5b1353f2f5a.jpg,416,416,ESP8266,59,48,304,211
IMG_20181228_102547_jpg.rf.589926f8a9432969a802ca5474ab971f.jpg,416,416,Raspberry_Pi_3,153,124,293,213
IMG_20181228_104303_jpg.rf.03c41905e1667e3ec7c4f914f0767286.jpg,416,416,Arduino_Nano,218,214,326,336
IMG_20181228_104303_jpg.rf.03c41905e1667e3ec7c4f914f0767286.jpg,416,416,Raspberry_Pi_3,1,119,228,375
IMG_20190104_163956_jpg.rf.bf658db59983c5c111e0edff0a6dd1aa.jpg,416,416,Heltec_ESP32_Lora,201,240,352,397
IMG_20190104_163956_jpg.rf.bf658db59983c5c111e0edff0a6dd1aa.jpg,416,416,Arduino_Nano,41,222,134,380
IMG_20190104_163956_jpg.rf.bf658db59983c5c111e0edff0a6dd1aa.jpg,416,416,ESP8266,197,5,374,148
IMG_20181228_102308_jpg.rf.2cbf758e8466a590b55741702204c09d.jpg,416,416,Raspberry_Pi_3,145,184,247,283
IMG_20181228_103828_jpg.rf.1dec4bf202b7841e0abac92307825a73.jpg,416,416,Raspberry_Pi_3,17,49,338,377
IMG_20190104_164611_jpg.rf.8dacffd8d21a32e9c3a67e8b7bea040b.jpg,416,416,ESP8266,86,100,198,198
IMG_20181228_104317_jpg.rf.12c355a8a0dd15979701750e369b909c.jpg,416,416,ESP8266,162,156,252,265
IMG_20181228_104317_jpg.rf.12c355a8a0dd15979701750e369b909c.jpg,416,416,Raspberry_Pi_3,184,26,414,213
IMG_20181228_102210_jpg.rf.037e9ab16d79635640f15cf213d0ed37.jpg,416,416,Heltec_ESP32_Lora,193,200,275,268
IMG_20181228_104241_jpg.rf.d4500b4c5d5506de0e8c9173d4a4c45e.jpg,416,416,ESP8266,45,205,224,355
IMG_20181228_104241_jpg.rf.d4500b4c5d5506de0e8c9173d4a4c45e.jpg,416,416,Raspberry_Pi_3,77,1,365,231
IMG_20181228_102041_jpg.rf.5ee7486e63b969dcf939db5f30a14c66.jpg,416,416,Raspberry_Pi_3,139,82,314,281
IMG_20181228_104332_jpg.rf.8a67d3923cbecf95629d3aaaf0657f18.jpg,416,416,Arduino_Nano,144,145,241,217
IMG_20181228_104332_jpg.rf.8a67d3923cbecf95629d3aaaf0657f18.jpg,416,416,ESP8266,194,266,308,354
IMG_20181228_104228_jpg.rf.f04c8918b249396d9f3f07d239c5d1b7.jpg,416,416,Arduino_Nano,75,115,236,212
IMG_20181228_104228_jpg.rf.f04c8918b249396d9f3f07d239c5d1b7.jpg,416,416,Heltec_ESP32_Lora,54,235,237,331
IMG_20181228_104309_jpg.rf.4c82d8f4efbbec958570fb92c7f344ec.jpg,416,416,Heltec_ESP32_Lora,179,211,269,277
IMG_20181228_104309_jpg.rf.4c82d8f4efbbec958570fb92c7f344ec.jpg,416,416,ESP8266,136,271,218,343
IMG_20190104_164622_jpg.rf.fd6c0d88e99dbc43d4f59825a9473f9e.jpg,416,416,Heltec_ESP32_Lora,244,163,341,296
IMG_20190104_164622_jpg.rf.fd6c0d88e99dbc43d4f59825a9473f9e.jpg,416,416,Arduino_Nano,50,91,120,196
IMG_20190104_164440_jpg.rf.c006e303e60d8d61533222880567c1f5.jpg,416,416,ESP8266,163,90,290,274
IMG_20190104_163956_jpg.rf.6acb8eb8ce198219c9b376f07643bab9.jpg,416,416,Heltec_ESP32_Lora,201,21,352,178
IMG_20190104_163956_jpg.rf.6acb8eb8ce198219c9b376f07643bab9.jpg,416,416,Arduino_Nano,41,39,134,197
IMG_20190104_163956_jpg.rf.6acb8eb8ce198219c9b376f07643bab9.jpg,416,416,ESP8266,197,270,374,413
IMG_20181228_102033_jpg.rf.d90fc7c95924c8549a8c5a12ea05beba.jpg,416,416,ESP8266,200,208,298,286
IMG_20181228_102544_jpg.rf.c27fb9df0fb62d53da2898c8b1a6e918.jpg,416,416,Arduino_Nano,218,187,292,253
IMG_20181228_104001_jpg.rf.b6a271a69148bbd6c3d59b785a1182fb.jpg,416,416,Raspberry_Pi_3,96,162,291,338
IMG_20181228_102544_jpg.rf.ed29a84776ba942724de12795c1404d3.jpg,416,416,Arduino_Nano,126,175,198,239
IMG_20181228_104248_jpg.rf.39575d4f992e59f0572cfbaa37c9c3dc.jpg,416,416,Heltec_ESP32_Lora,260,186,387,304
IMG_20181228_104248_jpg.rf.39575d4f992e59f0572cfbaa37c9c3dc.jpg,416,416,Raspberry_Pi_3,85,122,250,317
IMG_20181228_103229_jpg.rf.032323e5a1445cb95e33265acc375bbf.jpg,416,416,ESP8266,161,149,303,259
IMG_20181228_103324_jpg.rf.ffab5de39e2cf3afd5460ec1b1518bde.jpg,416,416,Arduino_Nano,163,140,315,236
IMG_20190104_164630_jpg.rf.81fb152e947711ec2e9594b36b542ea1.jpg,416,416,Raspberry_Pi_3,124,21,231,121
IMG_20190104_164630_jpg.rf.81fb152e947711ec2e9594b36b542ea1.jpg,416,416,Heltec_ESP32_Lora,172,281,227,353
IMG_20190104_164630_jpg.rf.81fb152e947711ec2e9594b36b542ea1.jpg,416,416,Arduino_Nano,297,339,340,402
IMG_20181228_104344_jpg.rf.0d0bcc9f1fddc911ec27a0f88409a03a.jpg,416,416,Heltec_ESP32_Lora,172,143,294,240
IMG_20181228_104344_jpg.rf.0d0bcc9f1fddc911ec27a0f88409a03a.jpg,416,416,ESP8266,151,25,304,145
IMG_20190104_163956_jpg.rf.8da2e1fba125649790b5a7784d61bf3d.jpg,416,416,Heltec_ESP32_Lora,174,8,327,167
IMG_20190104_163956_jpg.rf.8da2e1fba125649790b5a7784d61bf3d.jpg,416,416,Arduino_Nano,22,68,117,227
IMG_20190104_163956_jpg.rf.8da2e1fba125649790b5a7784d61bf3d.jpg,416,416,ESP8266,224,249,403,394
IMG_20181228_102313_jpg.rf.b03bb25314ab2574a0e3e0f8ceb7dc6e.jpg,416,416,ESP8266,206,146,296,236
IMG_20190104_164023_jpg.rf.fc4aceb34b1837dcbb4d49d138590611.jpg,416,416,Arduino_Nano,143,234,234,416
IMG_20181228_103331_jpg.rf.d3fd8dc9547b5942816fd110e0a4d756.jpg,416,416,Raspberry_Pi_3,117,81,329,282
IMG_20190104_164227_jpg.rf.68619554d550e2751ae59ade04339bf1.jpg,416,416,ESP8266,166,133,407,288
IMG_20190104_163804_jpg.rf.96471360f4196c54aa12d312771f34e9.jpg,416,416,Raspberry_Pi_3,1,1,347,398
IMG_20190104_164312_jpg.rf.05d90ec28fe5a84cd17a4ac2fa9d8249.jpg,416,416,Arduino_Nano,104,117,257,311
IMG_20190104_163815_jpg.rf.801805996dfdde940631289eee386118.jpg,416,416,Arduino_Nano,133,118,332,337
IMG_20181228_104256_jpg.rf.cb8abb1793f467ab467a711df1120993.jpg,416,416,Arduino_Nano,200,191,337,263
IMG_20181228_104256_jpg.rf.cb8abb1793f467ab467a711df1120993.jpg,416,416,ESP8266,50,119,165,239
IMG_20181228_104332_jpg.rf.ed35d2c575c30d84ed15e4c58878c5c4.jpg,416,416,Arduino_Nano,182,149,275,215
IMG_20181228_104332_jpg.rf.ed35d2c575c30d84ed15e4c58878c5c4.jpg,416,416,ESP8266,106,266,215,347
IMG_20181228_103117_jpg.rf.e20b891b4dcdb55b40888d7579bce935.jpg,416,416,ESP8266,193,108,312,223
IMG_20190104_164134_jpg.rf.7bd3307db85787f35450ef4a5cf97231.jpg,416,416,Heltec_ESP32_Lora,167,150,259,239
IMG_20181228_102013_jpg.rf.91ac53424fe0a5d89934000c77286aa3.jpg,416,416,Arduino_Nano,203,221,319,309
IMG_20190104_163804_jpg.rf.3080f9a5970a8f9c851549a8a1692cff.jpg,416,416,Raspberry_Pi_3,66,18,416,416
IMG_20181228_102020_jpg.rf.8ed2c1b2b460953c09bf8e09577cde74.jpg,416,416,ESP8266,135,174,248,251
IMG_20181228_102544_jpg.rf.9341868a9fd9508695332d9ff2e3ceb3.jpg,416,416,Arduino_Nano,220,175,291,238
IMG_20190104_165129_jpg.rf.f0ebdf9eba6aab776b565b0ab594e1a5.jpg,416,416,ESP8266,119,170,279,296
IMG_20181228_104336_jpg.rf.e18eb8a0219ee4975d8fdc70cb6184ea.jpg,416,416,ESP8266,172,100,265,202
IMG_20181228_104336_jpg.rf.e18eb8a0219ee4975d8fdc70cb6184ea.jpg,416,416,Raspberry_Pi_3,186,142,378,298
IMG_20181228_104336_jpg.rf.e18eb8a0219ee4975d8fdc70cb6184ea.jpg,416,416,Heltec_ESP32_Lora,165,291,274,381
IMG_20181228_102425_jpg.rf.aa5e0b2a8dc20ed8452d7a0ccb14de95.jpg,416,416,Raspberry_Pi_3,198,183,309,282
IMG_20181228_104336_jpg.rf.06727ed3a7c481b2736f41d9931d2f6d.jpg,416,416,ESP8266,198,112,276,202
IMG_20181228_104336_jpg.rf.06727ed3a7c481b2736f41d9931d2f6d.jpg,416,416,Raspberry_Pi_3,189,179,363,304
IMG_20181228_104336_jpg.rf.06727ed3a7c481b2736f41d9931d2f6d.jpg,416,416,Heltec_ESP32_Lora,131,297,229,370
IMG_20181228_102516_jpg.rf.56ee7629ca7a416ea15a0bd0cd9dba6f.jpg,416,416,Heltec_ESP32_Lora,229,155,311,229
IMG_20181228_103629_jpg.rf.427633cf36d7c33959304967548e9a9d.jpg,416,416,ESP8266,136,128,209,180
IMG_20181228_102041_jpg.rf.a382f9a96aa8301b8c7f665796a29138.jpg,416,416,Raspberry_Pi_3,145,139,311,332
IMG_20190104_164630_jpg.rf.00ed1f3758d9e3fb528bdb8d2a14f3e6.jpg,416,416,Raspberry_Pi_3,189,21,298,123
IMG_20190104_164630_jpg.rf.00ed1f3758d9e3fb528bdb8d2a14f3e6.jpg,416,416,Heltec_ESP32_Lora,188,280,245,353
IMG_20190104_164630_jpg.rf.00ed1f3758d9e3fb528bdb8d2a14f3e6.jpg,416,416,Arduino_Nano,75,336,119,400
IMG_20181228_103227_jpg.rf.345d257405a0e5ed082f85a5a71decc7.jpg,416,416,Raspberry_Pi_3,132,97,322,263
IMG_20181228_103331_jpg.rf.d8b4708826be1a2acca2bf344193b761.jpg,416,416,Raspberry_Pi_3,105,66,352,305
IMG_20181228_104309_jpg.rf.88c8d47403ab3a09f6c0dc5b8633eed3.jpg,416,416,Heltec_ESP32_Lora,177,210,269,279
IMG_20181228_104309_jpg.rf.88c8d47403ab3a09f6c0dc5b8633eed3.jpg,416,416,ESP8266,132,269,216,343
IMG_20190104_164622_jpg.rf.d4b2ce7116c52743a562ad54d6f00dab.jpg,416,416,Heltec_ESP32_Lora,80,105,183,242
IMG_20190104_164622_jpg.rf.d4b2ce7116c52743a562ad54d6f00dab.jpg,416,416,Arduino_Nano,281,243,356,351
IMG_20181228_104027_jpg.rf.ea057acd1b0653a6bb50087bd604a147.jpg,416,416,Heltec_ESP32_Lora,160,135,296,268
IMG_20181228_104234_jpg.rf.fa19b50fd00960286bec4347e292545d.jpg,416,416,Arduino_Nano,216,194,355,273
IMG_20181228_104234_jpg.rf.fa19b50fd00960286bec4347e292545d.jpg,416,416,Heltec_ESP32_Lora,159,78,310,195
IMG_20181228_104234_jpg.rf.fa19b50fd00960286bec4347e292545d.jpg,416,416,ESP8266,46,150,199,274
IMG_20190104_165139_jpg.rf.54dd2bc42185dcfff540360f6b30d075.jpg,416,416,Arduino_Nano,161,90,256,214
IMG_20181228_102801_jpg.rf.deeb134646a076fe18b957ab63425037.jpg,416,416,Raspberry_Pi_3,19,21,391,375
IMG_20190104_164220_jpg.rf.173735a2999b46e9295a06f067890a17.jpg,416,416,ESP8266,49,144,267,285
IMG_20181228_103229_jpg.rf.53d6c491815aa5fc52f58f4a7b5ffcc1.jpg,416,416,ESP8266,112,152,258,269
IMG_20181228_102206_jpg.rf.b0890c6189ed26872ae36b5af5a4a7d2.jpg,416,416,Arduino_Nano,184,155,249,229
IMG_20181228_103828_jpg.rf.1650fc3320522a3b1c1e0a98afa00c61.jpg,416,416,Raspberry_Pi_3,41,80,322,370
IMG_20190104_164635_jpg.rf.b723e12873fda1018bf7840c39bdeb6e.jpg,416,416,ESP8266,198,5,265,78
IMG_20190104_164635_jpg.rf.b723e12873fda1018bf7840c39bdeb6e.jpg,416,416,Raspberry_Pi_3,168,126,260,207
IMG_20190104_164635_jpg.rf.b723e12873fda1018bf7840c39bdeb6e.jpg,416,416,Heltec_ESP32_Lora,175,320,222,383
IMG_20190104_164635_jpg.rf.b723e12873fda1018bf7840c39bdeb6e.jpg,416,416,Arduino_Nano,89,358,120,412
IMG_20190104_164259_jpg.rf.a876cf8a3146ed67c6ba2982b7094148.jpg,416,416,Arduino_Nano,131,174,318,328
IMG_20181228_102511_jpg.rf.1f10241175f4fd1ed47f0ce4ebd01ca7.jpg,416,416,Raspberry_Pi_3,182,104,335,294
IMG_20181228_103007_jpg.rf.6e6f0de046b09a4db365e3e2a00b0fdc.jpg,416,416,ESP8266,139,147,357,300
IMG_20190104_164405_jpg.rf.e7cf940f30f4963f25e1e53a017c171d.jpg,416,416,Raspberry_Pi_3,30,82,325,381
IMG_20181228_103231_jpg.rf.1d4d0064e24f6dba7fdc5161c93fff3d.jpg,416,416,Arduino_Nano,153,156,313,291
IMG_20190104_164523_jpg.rf.1a2a304a2e877f325aa08cab91fae7a6.jpg,416,416,ESP8266,160,120,334,283
IMG_20190104_164013_jpg.rf.a1ef4660d2017d48f4af67ca62472de9.jpg,416,416,Raspberry_Pi_3,73,1,356,342
IMG_20190104_163915_jpg.rf.05b1afc152b059c69561cfebbc229771.jpg,416,416,ESP8266,135,199,378,358
IMG_20181228_104153_jpg.rf.46cd7415871be03dae4ba8d999354a89.jpg,416,416,Heltec_ESP32_Lora,61,79,237,196
IMG_20190104_163812_jpg.rf.8d21a21fcf148fba9ca1e2b403d94fdf.jpg,416,416,ESP8266,103,67,306,323
IMG_20190104_164415_jpg.rf.d12f621ac30401d99fad368d1a9fce9d.jpg,416,416,Arduino_Nano,149,156,317,301
IMG_20181228_103012_jpg.rf.6f3d6cb6895d24f9f14268effede7c8d.jpg,416,416,Raspberry_Pi_3,23,104,370,336
IMG_20181228_103634_jpg.rf.53827c7f3415acc2f9c141fac83b9af1.jpg,416,416,Arduino_Nano,199,237,263,290
IMG_20181228_104241_jpg.rf.bab30405f28a7ebbcfbeb2c93b8715ce.jpg,416,416,ESP8266,24,176,209,333
IMG_20181228_104241_jpg.rf.bab30405f28a7ebbcfbeb2c93b8715ce.jpg,416,416,Raspberry_Pi_3,101,1,398,244
IMG_20181228_104256_jpg.rf.c49749b24f22bf7e0acb609419ff237f.jpg,416,416,Arduino_Nano,82,143,223,224
IMG_20181228_104256_jpg.rf.c49749b24f22bf7e0acb609419ff237f.jpg,416,416,ESP8266,245,190,368,318
IMG_20181228_104344_jpg.rf.ea3bef70659070eb37e2e444411e4d60.jpg,416,416,Heltec_ESP32_Lora,168,139,289,235
IMG_20181228_104344_jpg.rf.ea3bef70659070eb37e2e444411e4d60.jpg,416,416,ESP8266,128,25,279,143
IMG_20190104_164153_jpg.rf.e9012de05a16dce5a7595d63a4010fa7.jpg,416,416,Raspberry_Pi_3,37,89,327,373
IMG_20181228_104303_jpg.rf.275564778da77791b125acdd30e64a33.jpg,416,416,Arduino_Nano,71,185,183,311
IMG_20181228_104303_jpg.rf.275564778da77791b125acdd30e64a33.jpg,416,416,Raspberry_Pi_3,166,148,410,411
IMG_20190104_164409_jpg.rf.979dbb3f26e6b4ccfd3faa2f66191d52.jpg,416,416,Heltec_ESP32_Lora,113,132,298,302
IMG_20181228_104256_jpg.rf.cb0479cb724f126d3b75b9ef83debea1.jpg,416,416,Arduino_Nano,82,155,218,225
IMG_20181228_104256_jpg.rf.cb0479cb724f126d3b75b9ef83debea1.jpg,416,416,ESP8266,254,182,368,300
IMG_20181228_104234_jpg.rf.bc50804f37e5fbb401d7c7c04a01541c.jpg,416,416,Arduino_Nano,217,194,355,271
IMG_20181228_104234_jpg.rf.bc50804f37e5fbb401d7c7c04a01541c.jpg,416,416,Heltec_ESP32_Lora,158,79,308,194
IMG_20181228_104234_jpg.rf.bc50804f37e5fbb401d7c7c04a01541c.jpg,416,416,ESP8266,47,153,198,275
IMG_20190104_164532_jpg.rf.ae3a946392fefcfcaee70ca81ca04d3d.jpg,416,416,Heltec_ESP32_Lora,169,231,285,374
IMG_20181228_104336_jpg.rf.67835d7357b01b6ed81ee073a2e4d544.jpg,416,416,ESP8266,150,218,236,314
IMG_20181228_104336_jpg.rf.67835d7357b01b6ed81ee073a2e4d544.jpg,416,416,Raspberry_Pi_3,46,121,230,262
IMG_20181228_104336_jpg.rf.67835d7357b01b6ed81ee073a2e4d544.jpg,416,416,Heltec_ESP32_Lora,160,41,264,123
IMG_20181228_104356_jpg.rf.256bcfbe45819c3c7b1f4cd757e270ff.jpg,416,416,ESP8266,9,212,148,334
IMG_20181228_104356_jpg.rf.256bcfbe45819c3c7b1f4cd757e270ff.jpg,416,416,Raspberry_Pi_3,114,220,332,416
IMG_20181228_104356_jpg.rf.256bcfbe45819c3c7b1f4cd757e270ff.jpg,416,416,Arduino_Nano,326,194,389,279
IMG_20181228_104004_jpg.rf.bdc191677da8683bd33beca35929a649.jpg,416,416,ESP8266,157,150,295,310
IMG_20190104_164125_jpg.rf.9a922643e3bff3f7c98b6f62794dd2d8.jpg,416,416,Arduino_Nano,185,171,269,263
IMG_20190104_164635_jpg.rf.af536dd7d13c3ddba1197e0a9effbb66.jpg,416,416,ESP8266,156,1,235,82
IMG_20190104_164635_jpg.rf.af536dd7d13c3ddba1197e0a9effbb66.jpg,416,416,Raspberry_Pi_3,153,119,256,215
IMG_20190104_164635_jpg.rf.af536dd7d13c3ddba1197e0a9effbb66.jpg,416,416,Heltec_ESP32_Lora,200,316,257,385
IMG_20190104_164635_jpg.rf.af536dd7d13c3ddba1197e0a9effbb66.jpg,416,416,Arduino_Nano,122,374,164,416
IMG_20181228_104234_jpg.rf.9c8eff3dc8d13382f8df9c2a193ac631.jpg,416,416,Arduino_Nano,221,177,357,249
IMG_20181228_104234_jpg.rf.9c8eff3dc8d13382f8df9c2a193ac631.jpg,416,416,Heltec_ESP32_Lora,141,77,288,188
IMG_20181228_104234_jpg.rf.9c8eff3dc8d13382f8df9c2a193ac631.jpg,416,416,ESP8266,52,176,200,294
IMG_20190104_164630_jpg.rf.da7e9b4161310a0aa41002381c2ad98a.jpg,416,416,Raspberry_Pi_3,118,294,228,398
IMG_20190104_164630_jpg.rf.da7e9b4161310a0aa41002381c2ad98a.jpg,416,416,Heltec_ESP32_Lora,175,65,233,139
IMG_20190104_164630_jpg.rf.da7e9b4161310a0aa41002381c2ad98a.jpg,416,416,Arduino_Nano,301,20,346,84
IMG_20190104_165139_jpg.rf.48b7a5ffd3c4a2b6038418d4f0b9949f.jpg,416,416,Arduino_Nano,180,203,272,325
IMG_20190104_163951_jpg.rf.c38a728700a7e2e6a5fc4d505100d5fd.jpg,416,416,Raspberry_Pi_3,178,20,416,336
IMG_20190104_163951_jpg.rf.c38a728700a7e2e6a5fc4d505100d5fd.jpg,416,416,ESP8266,68,227,230,374
IMG_20190104_163951_jpg.rf.c38a728700a7e2e6a5fc4d505100d5fd.jpg,416,416,Heltec_ESP32_Lora,29,6,158,169
IMG_20190104_165146_jpg.rf.b02885e933de1f9d246c43e8c1e3fed6.jpg,416,416,ESP8266,169,154,344,310
IMG_20181228_103427_jpg.rf.29917067190552a206019703be49f203.jpg,416,416,ESP8266,39,148,228,347
IMG_20190104_164157_jpg.rf.609e435a4425d92c28512bb4406f2ba7.jpg,416,416,Raspberry_Pi_3,130,74,284,213
IMG_20190104_164430_jpg.rf.70ea00d1303a0c84eb8731922c51b24c.jpg,416,416,Heltec_ESP32_Lora,172,148,267,222
IMG_20190104_165200_jpg.rf.dfadf1ef7f57fded66afde04c15465d7.jpg,416,416,Raspberry_Pi_3,12,113,281,397
IMG_20181228_103611_jpg.rf.a4279b12e414726f01e82a7d16e1b376.jpg,416,416,Heltec_ESP32_Lora,141,213,250,291
IMG_20190104_164635_jpg.rf.9d9077362c03d198638b73dad58c62ec.jpg,416,416,ESP8266,128,336,194,408
IMG_20190104_164635_jpg.rf.9d9077362c03d198638b73dad58c62ec.jpg,416,416,Raspberry_Pi_3,153,211,243,291
IMG_20190104_164635_jpg.rf.9d9077362c03d198638b73dad58c62ec.jpg,416,416,Heltec_ESP32_Lora,219,40,265,102
IMG_20190104_164635_jpg.rf.9d9077362c03d198638b73dad58c62ec.jpg,416,416,Arduino_Nano,325,25,356,79
IMG_20190104_164205_jpg.rf.2e2abab3432f66801077e36af9869b6b.jpg,416,416,ESP8266,198,198,344,338
IMG_20181228_103629_jpg.rf.3aa6cfd35e3cd6b445ddadd69b9461ba.jpg,416,416,ESP8266,210,239,283,291
IMG_20181228_101915_jpg.rf.4226423ba541ed123fb971855ac14ce9.jpg,416,416,Raspberry_Pi_3,84,23,395,323
IMG_20190104_164125_jpg.rf.ec9c0721a75d16612e2c7642e0185ca4.jpg,416,416,Arduino_Nano,184,154,269,248
IMG_20181228_104336_jpg.rf.ed92cf121ab3a38b7a69af8199e57bb7.jpg,416,416,ESP8266,148,220,222,306
IMG_20181228_104336_jpg.rf.ed92cf121ab3a38b7a69af8199e57bb7.jpg,416,416,Raspberry_Pi_3,57,122,225,238
IMG_20181228_104336_jpg.rf.ed92cf121ab3a38b7a69af8199e57bb7.jpg,416,416,Heltec_ESP32_Lora,185,50,279,118
IMG_20181228_103234_jpg.rf.d930d817dd8227413f906bb7ca27f5ab.jpg,416,416,Heltec_ESP32_Lora,121,155,293,319
IMG_20181228_104004_jpg.rf.07d35a71c0eca11a826812a9cb6c6590.jpg,416,416,ESP8266,125,110,260,267
IMG_20181228_103427_jpg.rf.08e33ebf5dee332835d01b34eff24d7a.jpg,416,416,ESP8266,52,72,223,254
IMG_20190104_163915_jpg.rf.3a3e648f92a86cc2adcd644d4ab27ea5.jpg,416,416,ESP8266,59,207,304,370
IMG_20190104_163804_jpg.rf.1f07d60e86ac743f92a1f10e061498c8.jpg,416,416,Raspberry_Pi_3,1,1,350,399
IMG_20190104_165119_jpg.rf.5fdf68d94c77d78ab1aacf3dcae8d018.jpg,416,416,Heltec_ESP32_Lora,127,139,324,300
IMG_20181228_104309_jpg.rf.17167b89e25ceaae544840185ab6ec0d.jpg,416,416,Heltec_ESP32_Lora,145,207,239,279
IMG_20181228_104309_jpg.rf.17167b89e25ceaae544840185ab6ec0d.jpg,416,416,ESP8266,191,270,277,347
IMG_20190104_164440_jpg.rf.1b5849c90135d87922c2510a4c954437.jpg,416,416,ESP8266,164,146,288,329
IMG_20190104_164635_jpg.rf.2342be33e7a6c559766093984165f812.jpg,416,416,ESP8266,156,4,224,78
IMG_20190104_164635_jpg.rf.2342be33e7a6c559766093984165f812.jpg,416,416,Raspberry_Pi_3,159,125,252,208
IMG_20190104_164635_jpg.rf.2342be33e7a6c559766093984165f812.jpg,416,416,Heltec_ESP32_Lora,194,319,241,383
IMG_20190104_164635_jpg.rf.2342be33e7a6c559766093984165f812.jpg,416,416,Arduino_Nano,295,359,327,414
IMG_20190104_164604_jpg.rf.8a5f648f1c57a15131130bcdb8ddf26b.jpg,416,416,Raspberry_Pi_3,143,186,323,348
IMG_20181228_103622_jpg.rf.30f517e8220e7498324a055e6f49efc4.jpg,416,416,Raspberry_Pi_3,29,16,278,376
IMG_20190104_164409_jpg.rf.31dab773546c7f0b88cfc6aab6d6322f.jpg,416,416,Heltec_ESP32_Lora,116,123,291,283
IMG_20181228_103113_jpg.rf.c901be652445d33c74ece229b5ed94b9.jpg,416,416,Heltec_ESP32_Lora,174,149,274,231
IMG_20181228_104234_jpg.rf.566e1d830d1d0679edcf362e9a9796e2.jpg,416,416,Arduino_Nano,218,193,355,268
IMG_20181228_104234_jpg.rf.566e1d830d1d0679edcf362e9a9796e2.jpg,416,416,Heltec_ESP32_Lora,157,79,306,192
IMG_20181228_104234_jpg.rf.566e1d830d1d0679edcf362e9a9796e2.jpg,416,416,ESP8266,47,155,197,275
IMG_20181228_102308_jpg.rf.91eadf790d170badfa739077c2dc6ba6.jpg,416,416,Raspberry_Pi_3,173,139,268,230
IMG_20190104_163956_jpg.rf.d16c18f1e47a7158bcefc055a394817e.jpg,416,416,Heltec_ESP32_Lora,198,249,340,397
IMG_20190104_163956_jpg.rf.d16c18f1e47a7158bcefc055a394817e.jpg,416,416,Arduino_Nano,40,215,123,368
IMG_20190104_163956_jpg.rf.d16c18f1e47a7158bcefc055a394817e.jpg,416,416,ESP8266,210,16,379,148
IMG_20181228_104001_jpg.rf.d230025751ccbfbf026663a908c457f4.jpg,416,416,Raspberry_Pi_3,67,135,296,351
IMG_20181228_103329_jpg.rf.45ca51fde60895e80c3c6a247a6bcdac.jpg,416,416,ESP8266,64,172,224,296
IMG_20190104_165139_jpg.rf.1d832b845dfca13206c9661cb0063ad3.jpg,416,416,Arduino_Nano,180,203,270,324
IMG_20190104_163823_jpg.rf.ba2679e7911a82dd1430f13515327112.jpg,416,416,Raspberry_Pi_3,1,14,416,328
IMG_20181228_104344_jpg.rf.e0bcfd64e1f4e4dc95a299f6c3afa3a3.jpg,416,416,Heltec_ESP32_Lora,172,143,293,239
IMG_20181228_104344_jpg.rf.e0bcfd64e1f4e4dc95a299f6c3afa3a3.jpg,416,416,ESP8266,150,26,301,144
IMG_20190104_164400_jpg.rf.aafb2c95292af72f0cf5c8fe86682a4e.jpg,416,416,ESP8266,180,26,287,242
IMG_20190104_164157_jpg.rf.024ffbfee41dbb833b799ccaf335abff.jpg,416,416,Raspberry_Pi_3,137,189,315,356
IMG_20190104_164540_jpg.rf.a2dc396e06e056cc1d20d32a958c2902.jpg,416,416,Arduino_Nano,160,195,271,267
IMG_20190104_164405_jpg.rf.5de9e822183462fb3b4f371a6e6ce4e8.jpg,416,416,Raspberry_Pi_3,87,72,397,385
IMG_20181228_101826_jpg.rf.6701809d6d49c018b11946a1ccdff74f.jpg,416,416,Arduino_Nano,164,178,292,240
IMG_20181228_102516_jpg.rf.1eaee8fbf18db80ecb723c56d761f0a3.jpg,416,416,Heltec_ESP32_Lora,227,157,314,236
IMG_20190104_164259_jpg.rf.0506a2bcadef20d4db14c80c2c9053f9.jpg,416,416,Arduino_Nano,89,168,278,325
IMG_20181228_103326_jpg.rf.92136386b2388616d03d428639fd64bc.jpg,416,416,Heltec_ESP32_Lora,116,83,309,236
IMG_20181228_103329_jpg.rf.7e923134eca9fb7045f1f54b8eb8e28a.jpg,416,416,ESP8266,187,111,357,248
IMG_20181228_103012_jpg.rf.02174a799cb86fd68fc8d3a1f7d39aed.jpg,416,416,Raspberry_Pi_3,28,112,370,333
IMG_20190104_164422_jpg.rf.6d62f3fbf375d3642397adae533ce4eb.jpg,416,416,Arduino_Nano,192,206,282,270
IMG_20190104_163949_jpg.rf.fb45fbac17105814fb0e50f1096fb05a.jpg,416,416,Heltec_ESP32_Lora,223,93,392,270
IMG_20190104_163949_jpg.rf.fb45fbac17105814fb0e50f1096fb05a.jpg,416,416,Arduino_Nano,41,148,145,334
IMG_20181228_102552_jpg.rf.7cc41c871036e44e50b40ca9ea9e0868.jpg,416,416,Heltec_ESP32_Lora,204,206,269,278
IMG_20181228_102434_jpg.rf.bd97387638c639efb8681c2c880e95ab.jpg,416,416,Arduino_Nano,278,206,336,279
IMG_20190104_163902_jpg.rf.34ed1a270bcb4b10c005253590f7714f.jpg,416,416,Arduino_Nano,106,79,352,241
IMG_20181228_103009_jpg.rf.42ade8054a422a846e1eb8d5dbacf215.jpg,416,416,Heltec_ESP32_Lora,118,136,319,290
